Season,Name,Team,Level,Age,G,AB,PA,AVG,H,HR,R,BB/K,Spd,Pull%,LD%,GB/FB,HBP,PlayerId
2011,"Wil Myers","KCR","AA",20,99,354,416,0.254237288,90,8,50,0.597701149,4.457873318774788,0.52554745,0.178707224,1.454545454,4,"10047"
2011,"Grant Green","OAK","AA",23,127,530,587,0.290566037,154,9,76,0.327731092,3.3847618045887304,0.4478673,0.198529411,1.53488372,6,"10053"
2011,"Mike Trout","LAA","AA",19,91,353,412,0.325779036,115,11,82,0.592105263,8.675973183375367,0.44642857,0.211678832,0.928571428,9,"10155"
2013,"Randal Grichuk","LAA","AA",21,128,500,542,0.256,128,22,85,0.304347826,6.78739614784793,0.49394673,0.168765743,0.853932584,9,"10243"
2014,"Rafael Ortega","STL","AA",23,101,358,414,0.248603351,89,7,56,0.789473684,5.657833253666204,0.39935065,0.207482993,1.617977528,1,"10323"
2012,"Rey Fuentes","SDP","AA",21,136,473,541,0.217758985,103,4,53,0.390977443,6.752451784527081,0.41498559,0.146706586,1.821782178,6,"10329"
2013,"Rey Fuentes","SDP","AA",22,93,345,403,0.315942028,109,6,56,0.577464788,6.121227305515698,0.44755245,0.172794117,2.125,6,"10329"
2015,"Mike Ohlman","STL","AA",24,103,366,417,0.273224043,100,12,53,0.597402597,1.617492108913585,0.4760274,0.215277777,0.948275862,2,"10347"
2013,"Domingo Santana","HOU","AA",20,112,416,476,0.252403846,105,25,72,0.330935251,5.35957781980693,0.47670251,0.169117647,1.073394495,13,"10348"
2012,"Jon Singleton","HOU","AA",20,131,461,555,0.284164859,131,21,94,0.671755725,5.166709111955793,0.41071429,0.201219512,1.015384615,1,"10441"
2017,"Jon Singleton","HOU","AA",25,117,385,500,0.205194805,79,18,55,0.81060606,2.373173135510833,0.44401544,0.207843137,0.787610619,2,"10441"
2013,"Enrique Hernandez","HOU","AA",21,116,437,483,0.23569794,103,13,53,0.485714285,3.850770333852412,0.53743316,0.17032967,0.961038961,5,"10472"
2014,"Cheslor Cuthbert","KCR","AA",21,96,355,395,0.276056338,98,10,35,0.537313432,3.652298831832894,0.43150685,0.178947368,1.14678899,1,"10473"
2013,"Rico Noel","SDP","AA",24,131,496,576,0.266129032,132,0,74,0.436974789,7.790617173436025,0.41176471,0.170666666,2.27368421,13,"10585"
2012,"Mike Olt","TEX","AA",23,95,354,421,0.288135593,102,28,65,0.603960396,3.9236055444721156,0.45275591,0.167346938,0.837837837,4,"10698"
2014,"Lane Adams","KCR","AA",24,105,405,465,0.269135802,109,11,65,0.523255813,7.1142998891849105,0.47076923,0.224683544,0.842105263,9,"10767"
2015,"Lane Adams","KCR","AA",25,97,373,414,0.297587131,111,12,58,0.367346938,6.910418307442176,0.41218638,0.232727272,1.009523809,2,"10767"
2012,"Jurickson Profar","TEX","AA",19,126,480,562,0.28125,135,14,76,0.835443037,6.275729646502877,0.47804878,0.151741293,1.079268292,5,"10815"
2014,"Cody Stanley","STL","AA",25,103,385,434,0.283116883,109,12,47,0.514705882,5.108218597859258,0.41411043,0.226006191,1.173913043,3,"10838"
2012,"Ryan Strausborger","TEX","AA",24,116,433,482,0.247113163,107,6,62,0.326732673,8.680590261768153,0.49262537,0.14678899,1.632075471,7,"10937"
2013,"Ryan Strausborger","TEX","AA",25,133,461,518,0.216919739,100,10,50,0.372549019,6.77206509030029,0.4851752,0.145658263,1.3828125,7,"10937"
2012,"Greg Garcia","STL","AA",22,124,412,504,0.283980582,117,10,81,0.963855421,5.0761831854954025,0.41964286,0.184049079,1.891304347,7,"10951"
2015,"Colin Walsh","OAK","AA",25,134,487,619,0.301848049,147,13,96,0.946564885,4.791506661232899,0.47910864,0.317280453,1.095652173,5,"10961"
2011,"Christian Colon","KCR","AA",22,127,491,568,0.256619144,126,8,69,0.901960784,5.126894066042893,0.46854664,0.172727272,1.563380281,6,"11145"
2012,"Josh Rutledge","COL","AA",23,87,356,379,0.306179775,109,13,57,0.20289855,6.613639869342928,0.4982699,0.168458781,1.071428571,5,"11167"
2012,"Oscar Taveras","STL","AA",20,124,477,531,0.320754716,153,23,83,0.75,6.282049153035868,0.44730679,0.133333333,1.394736842,7,"11173"
2013,"Brett Nicholas","TEX","AA",24,136,506,575,0.288537549,146,21,71,0.373983739,3.4805055655935657,0.39185751,0.234536082,0.94117647,13,"11192"
2013,"Brett Eibner","KCR","AA",24,114,441,504,0.242630385,107,19,74,0.355704697,6.363581189764263,0.51013514,0.18771331,0.619047619,6,"11369"
2012,"Michael Choice","OAK","AA",22,91,359,402,0.286908077,103,10,59,0.375,4.922244197226431,0.36630037,0.195571955,1.319148936,7,"11376"
2014,"Delino DeShields","HOU","AA",21,114,411,507,0.236009732,97,11,75,0.544642857,7.42041366969957,0.43710692,0.16722408,1.040983606,11,"11379"
2015,"Drew Maggi","LAA","AA",26,125,422,483,0.241706161,102,0,50,0.548780487,4.882470363894595,0.44956772,0.228486646,2.13253012,6,"11381"
2017,"Kyle Waldrop","SEA","AA",25,109,412,464,0.303398058,125,10,61,0.430232558,2.8662445925478552,0.49698795,0.234756097,0.93076923,8,"11402"
2013,"Odubel Herrera","TEX","AA",21,101,389,412,0.257069408,100,2,37,0.253731343,6.595892347085412,0.40490798,0.1375,1.875,1,"11476"
2014,"Odubel Herrera","TEX","AA",22,96,368,408,0.320652173,118,2,47,0.414285714,5.41159981541102,0.37581699,0.202054794,2.328571428,3,"11476"
2013,"Kaleb Cowart","LAA","AA",21,132,498,546,0.220883534,110,6,48,0.306451612,4.436019890719403,0.43421053,0.197297297,2.159574468,3,"11494"
2014,"Kaleb Cowart","LAA","AA",22,126,435,487,0.222988505,97,6,48,0.434343434,6.448076700412375,0.43108504,0.173134328,1.347457627,3,"11494"
2010,"Andrew Romine","LAA","AA",24,106,383,454,0.281984334,108,3,55,0.757575757,5.945505944465486,0.43465046,0.205696202,1.988095238,5,"1159"
2014,"Drew Robinson","TEX","AA",22,96,331,377,0.190332326,63,11,41,0.296,5.96806468174832,0.49763033,0.121359223,0.63063063,2,"11761"
2015,"Drew Robinson","TEX","AA",23,126,432,519,0.231481481,100,21,78,0.597122302,5.978765270041193,0.5170068,0.214532871,0.907563025,4,"11761"
2013,"Kyle Parker","COL","AA",23,123,480,528,0.2875,138,23,70,0.404040404,3.9882914106608274,0.39896373,0.209115281,1.521367521,4,"11763"
2013,"Hanser Alberto","TEX","AA",20,100,356,384,0.213483146,76,4,37,0.390243902,6.252914125987651,0.47839506,0.144230769,1.119047619,5,"11902"
2013,"Orlando Calixte","KCR","AA",21,123,484,536,0.25,121,8,59,0.320610687,5.190807694915738,0.50137741,0.146974063,1.930693069,3,"11905"
2014,"Orlando Calixte","KCR","AA",22,96,374,412,0.240641711,90,11,43,0.29347826,4.1108295223541695,0.44217687,0.164285714,1.34,0,"11905"
2015,"David Washington","STL","AA",24,97,340,379,0.273529411,93,16,39,0.280991735,2.840394419795561,0.40807175,0.243243243,0.768421052,1,"12110"
2014,"Jorge Bonifacio","KCR","AA",21,132,505,566,0.22970297,116,4,49,0.393700787,4.695553944560419,0.40625,0.206896551,1.034013605,5,"12174"
2015,"Jorge Bonifacio","KCR","AA",22,125,483,536,0.240165631,116,17,60,0.333333333,3.5696410047264275,0.46280992,0.228169014,0.701863354,5,"12174"
2016,"Beau Taylor","OAK","AA",26,95,339,401,0.280235988,95,5,50,0.627906976,2.040940477777716,0.47859922,0.203921568,1.569620253,4,"12384"
2012,"Kolten Wong","STL","AA",21,126,523,579,0.286806883,150,9,79,0.594594594,6.190231504391769,0.42511013,0.144144144,1.360248447,7,"12532"
2013,"C.J. Cron","LAA","AA",23,134,519,565,0.273603082,142,14,56,0.277108433,3.6833855859534648,0.46292135,0.19266055,1.095238095,15,"12546"
2014,"Taylor Featherston","COL","AA",24,127,497,550,0.259557344,129,16,69,0.333333333,5.734962422819301,0.50257732,0.215223097,1.3359375,9,"12590"
2019,"Taylor Featherston","KCR","AA",29,102,359,391,0.239554317,86,13,45,0.126666666,5.027925894243499,0.43396226,0.258373205,1.246376811,9,"12590"
2014,"Billy Burns","OAK","AA",24,91,363,421,0.256198347,93,1,57,0.692307692,7.968516162171469,0.33986928,0.207482993,3.087719298,3,"12701"
2015,"Breyvic Valera","STL","AA",23,105,360,401,0.236111111,85,3,37,1.259259259,3.0606312698859695,0.40652819,0.21450151,1.574257425,1,"12758"
2014,"Austin Hedges","SDP","AA",21,113,427,457,0.224824355,96,6,31,0.258426966,2.5065182377298716,0.51612903,0.191616766,0.956521739,3,"12976"
2015,"Charles Tilson","STL","AA",22,134,539,594,0.294990723,159,4,85,0.638888888,7.74316556777687,0.37209302,0.20086393,2.303571428,2,"12983"
2015,"Teoscar Hernandez","HOU","AA",22,121,470,514,0.219148936,103,17,92,0.261904761,7.570918103417734,0.45299145,0.167164179,0.897959183,4,"13066"
2017,"Jacob Wilson","STL","AA",26,129,432,503,0.247685185,107,17,63,0.515463917,2.7377783110222147,0.45348837,0.189349112,0.602339181,12,"13254"
2014,"Max Muncy","OAK","AA",23,122,434,530,0.262672811,114,7,59,0.956521739,4.291241425558454,0.48997135,0.188953488,0.847682119,2,"13301"
2017,"Humberto Arteaga","KCR","AA",23,124,453,490,0.258278145,117,1,47,0.384615384,3.6650768094976676,0.38888889,0.192207792,1.338345864,4,"13595"
2014,"Patrick Wisdom","STL","AA",22,128,452,498,0.214601769,97,14,49,0.261744966,4.968299202683027,0.48701299,0.176666666,0.9296875,2,"13602"
2015,"Patrick Wisdom","STL","AA",23,114,414,456,0.236714975,98,14,51,0.327102803,5.8761515508432725,0.49363057,0.196721311,0.884615384,0,"13602"
2017,"Jack Lopez","KCR","AA",24,95,363,398,0.280991735,102,5,42,0.232558139,5.57074608866033,0.40714286,0.2,1.682926829,8,"13663"
2018,"Elier Hernandez","KCR","AA",23,91,355,381,0.287323943,102,3,45,0.197183098,4.44723857213312,0.48275862,0.211267605,1.545454545,6,"13750"
2014,"Eric Stamets","LAA","AA",22,106,344,382,0.235465116,81,4,46,0.387096774,5.7228276946765515,0.46020761,0.151624548,0.94214876,5,"13795"
2015,"Bruce Maxwell","OAK","AA",24,96,338,381,0.24260355,82,2,32,0.722222222,1.3025335479704068,0.44947735,0.214788732,2.378787878,1,"13866"
2015,"Sherman Johnson","LAA","AA",24,135,490,591,0.204081632,100,7,75,0.872549019,5.693290017210497,0.49246231,0.177835051,0.854651162,2,"13906"
2016,"Jose Rondon","SDP","AA",22,96,376,409,0.279255319,105,5,45,0.227272727,5.539318486925054,0.34161491,0.175895765,1.432692307,3,"14140"
2015,"Nick Williams","TEX","AA",21,97,378,415,0.298941798,113,13,56,0.415584415,5.269007743948851,0.38741722,0.249158249,1.593023255,3,"14330"
2015,"Matt Olson","OAK","AA",21,133,466,585,0.248927038,116,17,82,0.755395683,3.1330444827783075,0.46865672,0.202416918,0.795918367,6,"14344"
2016,"Ronald Guzman","TEX","AA",21,102,375,416,0.288,108,15,51,0.402439024,4.362018975851692,0.37710438,0.249146757,1.178217821,3,"14388"
2017,"Scott Heineman","TEX","AA",24,117,468,529,0.284188034,133,9,82,0.41322314,6.320323825039944,0.38176638,0.217391304,1.621359223,9,"14453"
2015,"Renato Nunez","OAK","AA",21,93,381,416,0.278215223,106,18,62,0.424242424,2.7470090370680627,0.55031447,0.207667731,0.89312977,4,"14503"
2015,"Nomar Mazara","TEX","AA",20,111,409,470,0.283618581,116,13,57,0.510869565,3.564749822405017,0.42507645,0.224299065,1.243243243,5,"14553"
2017,"Franmil Reyes","SDP","AA",21,135,507,566,0.258382642,131,25,79,0.358208955,3.304981036110058,0.45169713,0.177419354,1.372093023,3,"14566"
2016,"Luke Voit","STL","AA",25,134,482,546,0.296680497,143,19,70,0.626506024,3.4394805914206605,0.46039604,0.238693467,1.295454545,8,"14811"
2015,"Jaycob Brugman","OAK","AA",23,132,500,566,0.26,130,6,61,0.696629213,5.516788768883505,0.43236715,0.246305418,1.217391304,2,"14936"
2015,"Hunter Dozier","KCR","AA",23,128,475,523,0.212631578,101,12,65,0.298013245,4.382765284680219,0.49386503,0.235668789,0.983471074,1,"15117"
2017,"Tim Locastro","LAD","AA",24,96,368,420,0.285326086,105,8,69,0.392857142,7.941508753662425,0.47452229,0.188925081,1.110169491,26,"15124"
2017,"Ian Miller","SEA","AA",25,83,344,384,0.325581395,112,4,63,0.405797101,7.6759314432038765,0.38078292,0.221402214,1.890410958,6,"15156"
2016,"Ryan Cordell","TEX","AA",24,107,405,445,0.26419753,107,19,69,0.329896907,6.816798342971188,0.48881789,0.189542483,1.049586776,3,"15181"
2015,"Chad Pinder","OAK","AA",23,117,477,522,0.316561844,151,15,72,0.27184466,4.038497611558345,0.47780679,0.219839142,1.575221238,8,"15191"
2016,"Frank Schwindel","KCR","AA",24,120,455,485,0.27032967,123,20,57,0.209302325,2.024852915229612,0.4933687,0.196765498,1.143884892,5,"15351"
2015,"Ryon Healy","OAK","AA",23,124,507,543,0.301775147,153,10,63,0.365853658,2.090508412156532,0.47099768,0.225882352,1.384057971,1,"15447"
2015,"Hunter Renfroe","SDP","AA",23,112,421,463,0.258907363,109,14,50,0.294642857,4.205263451148639,0.4952381,0.203883495,0.732394366,3,"15464"
2016,"Franklin Barreto","OAK","AA",20,119,462,507,0.281385281,130,10,63,0.4,6.061025012593639,0.40533333,0.224657534,1.338842975,6,"15519"
2017,"Erick Mejia","LAD","AA",22,102,356,403,0.289325842,103,7,61,0.474358974,7.229819184176075,0.45422535,0.194244604,1.262626262,2,"15817"
2018,"Erick Mejia","KCR","AA",23,136,540,602,0.262962962,142,5,79,0.43877551,7.24449588002719,0.4122807,0.198156682,1.697674418,2,"15817"
2019,"Luis Torrens","SDP","AA",23,97,350,397,0.3,105,15,50,0.626865671,2.127435055654762,0.42508711,0.209219858,1.973333333,1,"15905"
2015,"Aledmys Diaz","STL","AA",24,102,375,409,0.264,99,10,47,0.467741935,4.126908113489467,0.51592357,0.196078431,1.365384615,4,"15937"
2019,"Ivan Castillo","SDP","AA",24,104,432,466,0.3125,135,8,62,0.33898305,6.4378094575098235,0.41469816,0.257978723,1.305785123,6,"15971"
2016,"Cody Bellinger","LAD","AA",20,114,399,465,0.263157894,105,23,61,0.627659574,3.924568759554976,0.41290323,0.209150326,0.602649006,3,"15998"
2016,"Derek Fisher","HOU","AA",22,102,371,448,0.245283018,91,16,54,0.578125,6.254084744468881,0.48559671,0.220338983,2.285714285,2,"16192"
2016,"J.D. Davis","HOU","AA",23,126,485,539,0.268041237,130,23,61,0.314685314,2.097857374642623,0.48414986,0.265306122,1.446601941,5,"16219"
2017,"J.D. Davis","HOU","AA",24,87,351,388,0.279202279,98,21,49,0.344444444,3.001804847222701,0.46415094,0.2578125,1.235294117,3,"16219"
2016,"Yairo Munoz","OAK","AA",21,102,387,414,0.240310077,93,9,44,0.302631578,4.305121826587214,0.49517685,0.2247557,1.938271604,2,"16313"
2017,"Oscar Mercado","STL","AA",22,120,477,523,0.28721174,137,13,76,0.285714285,6.964146089423673,0.46486486,0.227777777,1.074626865,9,"16375"
2016,"Ryan O'Hearn","KCR","AA",22,112,414,466,0.258454106,107,15,49,0.366412213,2.8431287152232168,0.41754386,0.234042553,1.322580645,3,"16442"
2016,"Matt Chapman","OAK","AA",23,117,438,504,0.244292237,107,29,78,0.401360544,5.325414598218283,0.45084746,0.228668941,0.649635036,3,"16505"
2016,"Isiah Kiner-Falefa","TEX","AA",21,108,402,457,0.256218905,103,0,55,0.803921568,3.9710464399283456,0.38243626,0.220588235,2.533333333,11,"16512"
2017,"Isiah Kiner-Falefa","TEX","AA",22,129,513,570,0.288499025,148,5,58,0.569444444,4.921150779947445,0.42281879,0.204651162,1.692913385,10,"16512"
2017,"Luis Urias","SDP","AA",20,118,442,526,0.29638009,131,3,77,1.046153846,4.83287698586035,0.33420366,0.208556149,2.083333333,8,"16622"
2017,"Jose Trevino","TEX","AA",24,105,402,423,0.241293532,97,7,39,0.431818181,1.8379449326129005,0.42777778,0.185185185,1.444444444,0,"16725"
2015,"Colin Moran","HOU","AA",22,96,366,417,0.306010928,112,9,47,0.544303797,2.959113163804866,0.40206186,0.244755244,1.4,4,"16909"
2018,"Lane Thomas","STL","AA",22,100,384,435,0.260416666,100,21,63,0.425742574,5.737684237667269,0.48083624,0.221428571,1.202020202,3,"16939"
2016,"Alex Verdugo","LAD","AA",20,126,477,529,0.272536687,130,13,58,0.656716417,2.484925963835095,0.38795181,0.217603911,1.461538461,4,"17027"
2017,"Ramon Laureano","HOU","AA",22,123,463,513,0.226781857,105,11,65,0.363636363,7.549582165161587,0.51685393,0.198847262,1.241935483,8,"17128"
2017,"Matt Beaty","LAD","AA",24,116,438,481,0.326484018,143,15,61,0.648148148,2.730536102292893,0.46529563,0.169712793,1.390977443,4,"17710"
2018,"Richie Martin","OAK","AA",23,118,453,509,0.30022075,136,6,68,0.511627906,7.021377842146522,0.42895442,0.19346049,2.523809523,6,"17736"
2017,"Max Schrock","OAK","AA",22,106,417,457,0.321342925,134,7,55,0.809523809,3.248285430348801,0.35904255,0.23306233,1.160305343,5,"17750"
2018,"Braden Bishop","SEA","AA",24,84,345,394,0.284057971,98,8,70,0.544117647,4.344835114725593,0.42907801,0.228260869,1.73076923,6,"17806"
2018,"Drew Jackson","LAD","AA",24,103,342,410,0.251461988,86,15,57,0.483870967,5.9206151000879235,0.51750973,0.205645161,1.07368421,13,"17807"
2016,"Willie Calhoun","LAD","AA",21,132,503,560,0.254473161,128,27,75,0.692307692,2.07265165875,0.4955157,0.195454545,1.058139534,5,"17838"
2017,"Ty France","SDP","AA",22,97,363,402,0.275482093,100,5,42,0.323529411,2.860994328189419,0.40939597,0.248299319,1.21,15,"17982"
2018,"Ty France","SDP","AA",23,112,415,479,0.262650602,109,17,66,0.471428571,3.908078906211786,0.42329545,0.195965417,0.978723404,25,"17982"
2016,"Paul DeJong","STL","AA",22,132,496,552,0.260080645,129,22,62,0.277777777,3.334640282553896,0.45682451,0.209039548,0.891891891,10,"18015"
2018,"Austin Allen","SDP","AA",24,119,451,498,0.290465631,131,22,59,0.381443298,1.5357418526867996,0.47619048,0.256338028,1.129032258,7,"18083"
2018,"Seth Brown","OAK","AA",25,131,502,555,0.282868525,142,14,66,0.330985915,4.559824028227635,0.44657534,0.252747252,1.108527131,1,"18171"
2019,"Brendon Davis","TEX","AA",21,109,346,401,0.202312138,70,3,38,0.371681415,2.7665402394325613,0.46638655,0.17094017,0.979591836,7,"18587"
2018,"Josh Naylor","SDP","AA",21,128,501,574,0.297405189,149,17,72,0.927536231,2.8442397823280663,0.40366972,0.18372093,1.387755102,7,"18839"
2019,"Donovan Walton","SEA","AA",25,124,480,558,0.3,144,11,72,0.875,3.797023645848437,0.40821256,0.208436724,1.823008849,10,"19314"
2018,"Eli White","OAK","AA",24,130,504,578,0.305555555,154,9,81,0.534482758,6.321853693723927,0.44416244,0.219072164,1.3671875,8,"19346"
2018,"DJ Peters","LAD","AA",22,132,491,559,0.236252545,116,29,79,0.234375,3.8432515370441793,0.4852459,0.204697986,0.755555555,18,"19348"
2018,"Luke Raley","LAD","AA",23,93,386,435,0.274611398,106,17,65,0.228571428,6.1326596827809325,0.4738676,0.207142857,1.439560439,20,"19354"
2019,"Zach McKinstry","LAD","AA",24,95,341,384,0.278592375,95,12,53,0.5,5.110863091071429,0.40520446,0.221804511,1.15625,3,"19392"
2018,"Tommy Edman","STL","AA",23,109,452,498,0.298672566,135,6,71,0.460526315,6.721694009107851,0.49739583,0.229946524,1.642201834,3,"19470"
2018,"Alex De Goti","HOU","AA",23,98,358,387,0.282122905,101,11,43,0.276923076,4.254190895301599,0.45302013,0.238907849,0.991071428,8,"19477"
2019,"Kyle Lewis","SEA","AA",23,122,457,517,0.262582056,120,11,61,0.368421052,3.480098350148374,0.41883117,0.26910299,1.222222222,1,"19508"
2019,"Nate Mondou","OAK","AA",24,122,427,503,0.248243559,106,5,54,0.617021276,3.995742166501559,0.39067055,0.234421364,0.804195804,8,"19563"
2019,"Nick Heath","KCR","AA",25,84,330,375,0.254545454,84,6,55,0.336206896,9.085223532125246,0.31818182,0.236966824,2.096153846,0,"19577"
2018,"Keibert Ruiz","LAD","AA",19,101,377,415,0.267904509,101,12,44,0.787878787,1.4695008545481438,0.45244957,0.239067055,1.372727272,9,"19610"
2019,"Edward Olivares","SDP","AA",23,127,488,551,0.282786885,138,18,85,0.43877551,6.41903089670165,0.41854637,0.254545454,1.207692307,10,"19698"
2018,"Fernando Tatis Jr.","SDP","AA",19,88,353,394,0.28611898,101,16,77,0.302752293,7.716531765357031,0.46558704,0.24691358,1.152941176,6,"19709"
2019,"Ronnie Dawson","HOU","AA",24,103,392,459,0.211734693,83,17,71,0.333333333,6.104279947705459,0.44488189,0.239837398,1.125,16,"19710"
2018,"Josh Rojas","HOU","AA",24,106,390,451,0.251282051,98,7,64,0.697368421,6.808486401782163,0.48136646,0.222580645,0.928,1,"19734"
2019,"Charles Leblanc","TEX","AA",23,124,479,529,0.265135699,127,7,73,0.403508771,4.397945561938233,0.41032609,0.275482093,1.307017543,1,"19813"
2019,"Chuckie Robinson","HOU","AA",24,103,374,409,0.21657754,81,7,30,0.211864406,4.570468390144783,0.44015444,0.222222222,1,7,"19824"
2019,"Cody Thomas","LAD","AA",24,130,474,532,0.236286919,112,23,77,0.319444444,5.775421842386497,0.41071429,0.210843373,0.898550724,6,"19828"
2019,"Abraham Toro","HOU","AA",22,98,376,435,0.305851063,115,16,65,0.623376623,4.998845556437502,0.4620462,0.251677852,0.939130434,8,"19844"
2019,"Emmanuel Rivera","KCR","AA",23,131,496,534,0.258064516,128,7,59,0.324675324,4.297323687642827,0.44366197,0.218225419,1.546875,5,"19890"
2019,"Khalil Lee","KCR","AA",21,129,470,546,0.263829787,124,8,74,0.422077922,7.106300675103123,0.34482759,0.201923076,2.890625,9,"19952"
2019,"Evan White","SEA","AA",23,92,365,400,0.293150684,107,18,61,0.315217391,4.150208798798481,0.46909091,0.230483271,1.225806451,4,"20078"
2019,"Dylan Carlson","STL","AA",20,108,417,483,0.280575539,117,21,81,0.530612244,7.134640257702227,0.44036697,0.259259259,1.142857142,7,"20126"
2007,"Will Venable","SDP","AA",24,134,515,572,0.277669902,143,8,66,0.452380952,5.884674967646385,0.43181818,0.159353348,1.153846153,10,"211"
2011,"Hector Gomez","COL","AA",23,102,425,453,0.235294117,100,14,46,0.202127659,6.973691290389171,0.52225519,0.167701863,1.126984126,3,"2264"
2009,"Lance Zawadzki","SDP","AA",24,92,346,392,0.289017341,100,5,59,0.594594594,7.169881449979112,0.40659341,0.235074626,1.38372093,2,"2369"
2019,"Owen Miller","SDP","AA",22,130,507,560,0.289940828,147,13,76,0.53488372,3.5935098551158733,0.38352941,0.253012048,1.403100775,6,"24655"
2010,"Luis Martinez","SDP","AA",25,106,358,410,0.282122905,101,2,48,0.830508474,3.0962237941316406,0.35430464,0.216216216,1.606741573,1,"2481"
2009,"Hank Conger","LAA","AA",21,123,459,525,0.294117647,135,11,61,0.808823529,3.2882882175212895,0.47869674,0.197435897,1.56557377,2,"2505"
2008,"Tony Blanco","COL","AA",26,103,390,442,0.323076923,126,23,59,0.418918918,3.18434822841163,0.42592593,0.188679245,0.969465648,13,"2522"
2009,"Pete Kozma","STL","AA",21,113,407,459,0.216216216,88,6,52,0.477272727,4.565153153468328,0.40121581,0.217252396,1.112068965,1,"2539"
2010,"Pete Kozma","STL","AA",22,132,503,570,0.242544731,122,13,69,0.504504504,5.0971963917718295,0.49131514,0.194805194,0.925465838,1,"2539"
2009,"Peter Bourjos","LAA","AA",22,110,437,504,0.28146453,123,6,72,0.636363636,7.8516604101849214,0.41489362,0.174157303,1.352,3,"2578"
2010,"Corey Brown","OAK","AA",24,90,331,386,0.320241691,106,10,63,0.559139784,7.80691437725954,0.49166667,0.251063829,1.256410256,2,"2650"
2010,"Derrick Robinson","KCR","AA",22,127,511,570,0.285714285,146,2,74,0.523255813,7.941951606032828,0.41743119,0.183962264,1.306666666,4,"2784"
2011,"Derrick Robinson","KCR","AA",23,107,419,483,0.250596658,105,1,56,0.528735632,6.962197831932142,0.42979943,0.141993957,1.868686868,0,"2784"
2009,"Tony Cruz","STL","AA",22,110,404,444,0.220297029,89,10,44,0.4,3.245825993257729,0.42546584,0.210191082,1.384615384,1,"2802"
2009,"Cedric Hunter","SDP","AA",21,131,541,577,0.260628465,141,2,71,0.581395348,6.214678410684698,0.45346535,0.195171026,1.030456852,3,"2833"
2007,"Ray Sadler","HOU","AA",26,138,491,561,0.252545824,124,24,72,0.441666666,4.346560995249749,0.42368421,0.190217391,0.922580645,8,"2914"
2007,"Todd Self","HOU","AA",28,124,428,510,0.294392523,126,13,72,0.739583333,3.31343747075772,0.37058824,0.235820895,0.815602836,5,"2933"
2011,"Tyler Ladendorf","OAK","AA",23,125,433,494,0.226327944,98,6,55,0.522727272,4.460978859763739,0.41525424,0.198224852,1.419642857,6,"3211"
2012,"Tyler Ladendorf","OAK","AA",24,104,416,476,0.240384615,100,9,59,0.471910112,4.177145924164018,0.47164179,0.163580246,1.168,11,"3211"
2007,"Nick Hundley","SDP","AA",23,101,373,422,0.246648793,92,20,55,0.567567567,2.326256778587964,0.57284768,0.181208053,0.755395683,2,"3376"
2010,"Guilder Rodriguez","TEX","AA",26,96,323,376,0.266253869,86,0,44,0.738095238,6.209197206290018,0.28716216,0.167883211,2.04,4,"3412"
2013,"Ruben Gotay","STL","AA",30,133,498,576,0.279116465,139,16,75,0.757894736,3.7798076158721665,0.52184466,0.224137931,1.350746268,0,"3417"
2008,"Allen Craig","STL","AA",23,129,506,568,0.304347826,154,22,84,0.551724137,2.546704462968415,0.47641509,0.167883211,1.28,10,"3433"
2010,"Andrew Brown","STL","AA",25,98,361,407,0.290858725,105,22,65,0.418367346,2.8931660057941793,0.50570342,0.190661478,1.285714285,5,"3837"
2007,"German Duran","TEX","AA",22,130,480,529,0.3,144,22,81,0.441558441,6.227848723370243,0.36739659,0.161290322,0.846994535,7,"3919"
2010,"Andy Parrino","SDP","AA",24,125,410,492,0.246341463,101,11,70,0.591304347,4.989488042304497,0.48494983,0.221453287,1.184466019,8,"3972"
2008,"Justin Sellers","OAK","AA",22,123,439,507,0.255125284,112,6,72,0.61038961,6.683931759831667,0.40691489,0.207756232,1.465517241,7,"4006"
2008,"Dexter Fowler","COL","AA",22,108,421,505,0.334916864,141,9,92,0.730337078,7.339579439944044,0.39825581,0.235474006,1.577319587,8,"4062"
2008,"Anthony Recker","OAK","AA",24,117,430,482,0.274418604,118,11,57,0.307142857,3.6135529189410187,0.49829352,0.249134948,1.237113402,5,"4063"
2008,"Aaron Cunningham","OAK","AA",22,87,347,401,0.317002881,110,12,65,0.413043478,7.046929653622733,0.4,0.28125,1.329113924,5,"4087"
2007,"Jonathan Herrera","COL","AA",22,131,509,573,0.257367387,131,3,65,0.52173913,5.508996737902073,0.3930131,0.127020785,1.66197183,8,"4182"
2007,"Adam Greenberg","KCR","AA",26,132,467,565,0.265524625,124,8,73,0.691588785,7.014185914327763,0.52717391,0.126760563,0.913580246,7,"4647"
2008,"Tyler Greene","STL","AA",24,97,374,408,0.259358288,97,16,62,0.222222222,6.898036147619505,0.5035461,0.154981549,1.313131313,5,"4675"
2007,"Chase Headley","SDP","AA",23,121,433,522,0.330254041,143,20,82,0.649122807,4.17563818994233,0.44135802,0.244514106,0.697183098,11,"4720"
2009,"Drew Meyer","HOU","AA",27,120,443,502,0.291196388,129,5,70,0.675675675,3.5008409429630882,0.44148936,0.192837465,1.844660194,1,"4738"
2014,"Rymer Liriano","SDP","AA",23,99,372,415,0.26344086,98,14,55,0.336633663,5.720347329235398,0.46350365,0.164179104,1.217821782,6,"4779"
2008,"Kyle Blanks","SDP","AA",21,132,492,565,0.325203252,160,20,75,0.566666666,4.273299123819065,0.53071253,0.215346534,1.383458646,17,"49"
2011,"Engel Beltre","TEX","AA",21,118,437,482,0.231121281,101,1,64,0.27184466,7.402926780493241,0.43478261,0.184049079,2.243902439,5,"4918"
2012,"Engel Beltre","TEX","AA",22,133,564,614,0.260638297,147,13,80,0.220338983,8.324633898841642,0.50657895,0.185941043,1.316129032,13,"4918"
2009,"Josh Donaldson","OAK","AA",23,124,455,541,0.27032967,123,9,67,0.869565217,3.770538153247501,0.46467391,0.220963172,1.022058823,1,"5038"
2014,"Jefry Marte","OAK","AA",23,107,405,460,0.259259259,105,10,49,0.642857142,3.48495721758924,0.54385965,0.177710843,1.575471698,3,"5107"
2008,"Jon Jay","STL","AA",23,96,372,427,0.306451612,114,11,57,0.847826086,4.743075651391436,0.39104478,0.196875,1.57,6,"5227"
2008,"Chad Huffman","SDP","AA",23,119,437,517,0.28375286,124,9,68,0.807228915,2.543914967454879,0.50417827,0.231428571,1.204918032,7,"5311"
2015,"Alex Liddi","KCR","AA",26,128,481,514,0.286902286,138,13,65,0.1953125,5.807062157494729,0.37604457,0.272727272,1.226086956,3,"5411"
2018,"Alex Liddi","KCR","AA",29,107,393,422,0.246819338,97,23,54,0.198412698,4.464174896554029,0.46641791,0.240601503,1.061224489,2,"5411"
2007,"Drew Macias","SDP","AA",24,100,331,391,0.250755287,83,8,43,0.96226415,4.361832882559462,0.5248227,0.175,0.893442622,5,"5451"
2008,"Drew Macias","SDP","AA",25,136,504,603,0.287698412,145,11,92,1.024691358,5.6265378921800435,0.5255814,0.244655581,1.321167883,8,"5451"
2011,"Jimmy Paredes","HOU","AA",22,93,385,408,0.27012987,104,10,69,0.178571428,8.141608391608392,0.5,0.242424242,2,2,"5481"
2011,"Jamie Romak","KCR","AA",25,124,439,505,0.250569476,110,23,66,0.625,3.9365870612546856,0.50564972,0.171511627,0.676470588,8,"5552"
2012,"Leury Garcia","TEX","AA",21,100,377,416,0.291777188,110,2,55,0.278481012,8.411097599728341,0.4025974,0.18275862,2.291666666,5,"5913"
2012,"Jean Segura","LAA","AA",22,94,374,414,0.294117647,110,7,50,0.403508771,7.256779032955302,0.40797546,0.182692307,1.833333333,8,"5933"
2012,"Rey Navarro","KCR","AA",22,109,400,449,0.25,100,3,51,0.731707317,5.297768176035258,0.44562334,0.134078212,1.230215827,4,"6008"
2013,"Rey Navarro","KCR","AA",23,119,446,481,0.28251121,126,12,61,0.351851851,4.754310092947704,0.44913151,0.175572519,1.219178082,2,"6008"
2013,"Cristhian Adames","COL","AA",21,107,389,446,0.267352185,104,3,45,0.435897435,4.836776994400884,0.39393939,0.194174757,3.15,4,"6013"
2014,"Cristhian Adames","COL","AA",22,88,330,380,0.266666666,88,2,42,0.5,4.891223556392424,0.47750865,0.18283582,2.590163934,2,"6013"
2009,"Cole Garner","COL","AA",24,112,396,440,0.287878787,114,16,65,0.294871794,6.521029565855881,0.45398773,0.207006369,1.305555555,12,"616"
2007,"Irving Falu","KCR","AA",24,131,476,525,0.241596638,115,1,46,0.795454545,5.466558747916972,0.54054054,0.147540983,1.637681159,1,"6165"
2008,"Irving Falu","KCR","AA",25,101,362,405,0.301104972,109,5,57,1.225806451,4.703954728151102,0.54464286,0.234042553,1.769230769,0,"6165"
2011,"Tommy Field","COL","AA",24,134,472,544,0.27118644,128,17,78,0.49074074,5.070850910626737,0.5,0.224376731,1.089552238,12,"6262"
2011,"Daniel Robertson","SDP","AA",25,124,438,508,0.283105022,124,5,97,1.078431372,7.287099704435135,0.50895141,0.193717277,1.774774774,7,"6266"
2011,"Luis Jimenez","LAA","AA",23,125,490,542,0.289795918,142,18,62,0.375,4.497481318335645,0.49419954,0.2014218,0.628019323,11,"6341"
2009,"Luis Durango","SDP","AA",23,129,456,561,0.280701754,128,0,78,1.157142857,5.904585511570982,0.31094527,0.179894179,7.157894736,2,"6533"
2012,"Nate Freiman","SDP","AA",25,137,516,581,0.298449612,154,24,80,0.515789473,2.2468871480206625,0.50831354,0.161835748,0.906593406,12,"6582"
2007,"Sean Rodriguez","LAA","AA",22,136,508,587,0.253937007,129,17,84,0.409090909,5.137129035545769,0.4973822,0.211229946,0.940789473,19,"6589"
2011,"Ryan Jackson","STL","AA",23,135,533,599,0.277673545,148,11,65,0.483516483,3.4391396528503835,0.37093275,0.206349206,1.258064516,4,"6596"
2010,"JB Shuck","HOU","AA",23,101,389,435,0.298200514,116,2,52,0.821428571,4.012267468339234,0.39039039,0.198776758,3.678571428,0,"6677"
2010,"Johnny Giavotella","KCR","AA",22,134,522,597,0.32183908,168,9,92,0.910447761,5.387458176612595,0.47516199,0.248322147,1.349650349,4,"6740"
2007,"Freddy Sandoval","LAA","AA",24,127,472,563,0.305084745,144,11,84,0.858974358,6.0809289687006824,0.47688564,0.173027989,1.096774193,5,"6863"
2009,"Mark Trumbo","LAA","AA",23,137,533,581,0.290806754,155,15,54,0.37,3.482800173306293,0.41986456,0.170114942,1.422818791,1,"6876"
2010,"Clint Robinson","KCR","AA",25,129,477,548,0.335429769,160,29,90,0.674418604,4.448547384028678,0.42857143,0.217054263,0.836363636,6,"6908"
2008,"Eric Young Jr.","COL","AA",23,105,403,476,0.29032258,117,3,74,0.792207792,7.311007306789054,0.44879518,0.186119873,2.35064935,6,"7158"
2010,"Logan Forsythe","SDP","AA",23,107,392,472,0.25255102,99,3,66,0.789473684,5.073742018850248,0.50666667,0.179310344,1.333333333,4,"7185"
2011,"Alex Castellanos","STL","AA",24,93,354,391,0.319209039,113,19,72,0.255319148,7.2516513871786845,0.53816794,0.177606177,0.95412844,11,"7223"
2010,"Jeremy Moore","LAA","AA",23,128,456,508,0.302631578,138,13,72,0.319672131,7.207088072955143,0.38372093,0.2,1.371681415,3,"7307"
2008,"Sean Kazmar Jr.","SDP","AA",23,111,382,433,0.264397905,101,3,53,0.575757575,4.89689350407048,0.43425076,0.225396825,1.392156862,3,"7349"
2012,"Xavier Scruggs","STL","AA",24,130,452,522,0.234513274,106,22,64,0.386666666,3.809826472776395,0.50328947,0.143333333,1.315315315,9,"7409"
2013,"Xavier Scruggs","STL","AA",25,133,448,546,0.247767857,111,29,67,0.463276836,3.6484878730155557,0.4379562,0.201492537,0.910714285,12,"7409"
2010,"Shane Peterson","OAK","AA",22,128,460,536,0.265217391,122,5,61,0.527777777,5.5048313478010416,0.425,0.166197183,1.466666666,11,"7423"
2007,"Drew Sutton","HOU","AA",24,128,480,558,0.26875,129,9,81,0.662790697,5.770470516106089,0.42506143,0.227040816,1.195652173,7,"7430"
2008,"Drew Sutton","HOU","AA",25,133,520,606,0.317307692,165,20,102,0.775510204,5.7147682636334896,0.48699764,0.228915662,1.191780821,6,"7430"
2009,"Ed Lucas","KCR","AA",27,103,355,424,0.290140845,103,10,61,0.706666666,6.036851221532199,0.4567474,0.242857142,0.962962962,7,"7532"
2008,"Tommy Everidge","OAK","AA",25,136,531,607,0.278719397,148,22,89,0.413533834,1.83139304625,0.42130751,0.199507389,1.083333333,7,"7596"
2012,"Jermaine Curtis","STL","AA",24,96,368,440,0.3125,115,1,61,0.921568627,4.3790721901392615,0.4382716,0.214057507,1.703296703,19,"7765"
2010,"Joey Butler","TEX","AA",24,132,516,573,0.277131782,143,10,67,0.391666666,4.828902847621869,0.33416459,0.156962025,2.233009708,5,"7799"
2010,"Charlie Blackmon","COL","AA",23,86,337,381,0.296735905,100,11,53,0.744186046,6.596048768543756,0.41860465,0.248275862,1.53488372,4,"7859"
2009,"Eric Sogard","SDP","AA",23,117,457,530,0.29321663,134,6,79,1.234042553,4.815707058557349,0.42080378,0.212345679,0.843930635,2,"7927"
2011,"Jaff Decker","SDP","AA",21,133,496,613,0.235887096,117,19,90,0.710344827,5.134384772137915,0.49019608,0.17094017,1.139705882,8,"7945"
2011,"Wilin Rosario","COL","AA",22,102,405,426,0.249382716,101,21,52,0.208791208,3.269392454941608,0.48407643,0.180327868,1.358490566,1,"8002"
2007,"Brandon Boggs","TEX","AA",24,104,354,429,0.265536723,94,19,69,0.67961165,5.945259286572316,0.4921875,0.18503937,0.510948905,1,"8021"
2010,"Matt Carpenter","STL","AA",24,105,396,472,0.315656565,125,12,76,0.727272727,5.5528774002838475,0.38485804,0.217532467,1.295238095,4,"8090"
2009,"Steven Hill","STL","AA",24,120,464,508,0.282327586,131,19,62,0.339622641,2.755570814315782,0.50274725,0.184135977,0.945945945,2,"8211"
2010,"Steven Hill","STL","AA",25,93,361,406,0.279778393,101,22,60,0.422222222,3.1743916456280936,0.50729927,0.180811808,0.707692307,4,"8211"
2012,"Dean Anna","SDP","AA",25,129,425,510,0.270588235,115,10,75,0.868421052,4.597033872761619,0.44915254,0.148997134,1.121428571,11,"8353"
2010,"Paulo Orlando","KCR","AA",24,121,419,469,0.30548926,128,13,84,0.387096774,7.883751633659416,0.44383562,0.15819209,1.223880597,18,"8628"
2012,"Paulo Orlando","KCR","AA",26,116,420,463,0.278571428,117,6,54,0.526315789,5.53753079527759,0.39083558,0.164804469,1.512605042,4,"8628"
2008,"Elvis Andrus","TEX","AA",19,118,482,535,0.294605809,142,4,82,0.417582417,7.0117628159179155,0.40648379,0.201030927,2.333333333,6,"8709"
2010,"Matt Clark","SDP","AA",23,129,499,558,0.268537074,134,28,62,0.321917808,1.4067460275,0.49441341,0.209631728,0.835526315,8,"8793"
2011,"Blake Tekotte","SDP","AA",24,106,414,498,0.285024154,118,19,77,0.62037037,6.249194669130602,0.53674121,0.193333333,0.581699346,8,"8810"
2012,"Dusty Coleman","OAK","AA",25,128,427,486,0.201405152,86,15,51,0.225274725,5.440108069813642,0.40873016,0.138211382,0.892857142,10,"8979"
2013,"Dusty Coleman","OAK","AA",26,130,484,554,0.260330578,126,3,65,0.367741935,6.573065803232219,0.43154762,0.195046439,1.047244094,6,"8979"
2014,"Dusty Coleman","OAK","AA",27,135,489,554,0.224948875,110,18,79,0.233830845,6.095558857152282,0.45637584,0.185964912,0.901639344,9,"8979"
2015,"Lars Anderson","LAD","AA",27,130,449,548,0.247216035,111,14,52,0.989130434,1.8008415922496126,0.43093923,0.216066481,1.418803418,3,"9018"
2010,"James Darnell","SDP","AA",23,101,373,426,0.265415549,99,10,46,0.6875,3.0088237748375968,0.4600639,0.188118811,1.033057851,5,"9060"
2011,"Matt Adams","STL","AA",22,115,463,513,0.300215982,139,32,80,0.444444444,2.739158269008355,0.45526316,0.219512195,1.322580645,4,"9393"
2012,"Chris McGuiness","TEX","AA",24,123,456,530,0.267543859,122,23,65,0.644859813,1.2361578395121091,0.43874644,0.176300578,1.159090909,3,"9423"
2013,"Jake Goebbert","OAK","AA",25,105,396,459,0.267676767,106,18,57,0.56626506,5.0913598043801835,0.52024922,0.167721518,1.038759689,8,"9431"
2012,"Jake Goebbert","HOU","AA",24,114,368,433,0.304347826,112,9,71,0.96491228,5.711781532176863,0.47619048,0.210191082,0.92248062,5,"9431"
2009,"Craig Gentry","TEX","AA",25,127,512,588,0.302734375,155,8,100,0.765625,8.550334839315518,0.45733042,0.195454545,1.283870967,16,"9571"
2009,"Michael McKenry","COL","AA",24,102,358,417,0.279329608,100,12,52,0.782608695,2.6027655175041744,0.42123288,0.226480836,0.947368421,2,"9628"
2012,"Cody Decker","SDP","AA",25,104,346,406,0.26300578,91,25,54,0.54,2.434012368749925,0.53629032,0.1563786,0.529850746,4,"9665"
2007,"Jeff Baisley","OAK","AA",24,101,404,442,0.257425742,104,11,60,0.345238095,5.003202331858012,0.49693252,0.1875,0.793103448,3,"9684"
2011,"Ben Paulsen","COL","AA",23,136,547,597,0.24131627,132,19,68,0.303030303,3.438807994192898,0.46099291,0.204379562,1.151315789,4,"9741"
2012,"Ben Paulsen","COL","AA",24,120,436,478,0.254587155,111,13,58,0.327433628,3.4562867378666073,0.44171779,0.167701863,1.330434782,2,"9741"
2012,"Nolan Arenado","COL","AA",21,134,516,573,0.28488372,147,12,55,0.672413793,1.6010560037925474,0.48394004,0.171428571,0.953367875,7,"9777"
2010,"Efren Navarro","LAA","AA",24,128,453,495,0.267108167,121,6,46,0.659574468,3.5545237453221583,0.41445783,0.186567164,1.702479338,3,"9854"
2007,"Bryan Anderson","STL","AA",20,103,389,431,0.298200514,116,6,51,0.415584415,2.1738019263619175,0.34579439,0.216560509,1.435643564,2,"9871"
2007,"Colby Rasmus","STL","AA",20,128,472,556,0.275423728,130,29,93,0.648148148,6.174129751271176,0.53825137,0.235457063,0.568181818,12,"9893"
2009,"Chris Carter","OAK","AA",22,125,490,593,0.336734693,165,24,108,0.68907563,4.812109617424778,0.4895288,0.245333333,0.645348837,11,"9911"
2011,"Jeff Bianchi","KCR","AA",24,119,444,499,0.259009009,115,2,63,0.458823529,5.867007497306323,0.44623656,0.172804532,1.229007633,3,"9958"
2008,"Rob Cosby","HOU","AA",27,102,369,388,0.222222222,82,10,35,0.291666666,3.8465828541904914,0.54012346,0.184952978,0.830985915,2,"sa198044"
2007,"Adam Morrissey","LAA","AA",26,134,486,599,0.263374485,128,9,85,0.702290076,4.415072797434408,0.43681319,0.212464589,1.926315789,15,"sa198185"
2007,"Vince Faison","OAK","AA",26,99,348,384,0.227011494,79,5,36,0.277108433,6.965285083170845,0.48905109,0.188679245,0.837606837,3,"sa198295"
2007,"Juan Richardson","STL","AA",28,113,430,488,0.290697674,125,18,65,0.398305084,2.223754710986733,0.52531646,0.22077922,2.287671232,8,"sa198315"
2008,"Juan Richardson","KCR","AA",29,133,494,559,0.295546558,146,16,90,0.580645161,3.4206010112022476,0.43734644,0.190954773,1.9009009,7,"sa198315"
2010,"James Tomlin","TEX","AA",27,107,397,444,0.26952141,107,5,46,0.522388059,4.819078419568557,0.49705882,0.180722891,1.266666666,2,"sa199272"
2007,"Mike Stodolka","KCR","AA",25,110,381,460,0.291338582,111,12,69,0.802197802,3.904448336356073,0.45051195,0.19163763,1.209523809,4,"sa199853"
2007,"Noochie Varner","HOU","AA",26,98,352,392,0.286931818,101,6,34,0.517241379,3.6284313600196483,0.39202658,0.204081632,1.27184466,3,"sa199997"
2009,"Rex Rundgren","COL","AA",28,101,341,380,0.237536656,81,1,30,0.365384615,3.5122443596849093,0.33112583,0.192982456,2.333333333,5,"sa200419"
2007,"Tim Brown","SDP","AA",24,110,351,402,0.273504273,96,13,56,0.615384615,1.70281648375,0.51557093,0.190972222,1.080357142,7,"sa200479"
2007,"Anthony Webster","TEX","AA",24,105,411,444,0.277372262,114,8,66,0.381818181,7.266204588355014,0.4198895,0.148459383,1.554621848,6,"sa200593"
2007,"Aaron Rifkin","COL","AA",28,123,453,502,0.271523178,123,15,61,0.319327731,2.8202853481664194,0.50148368,0.18263473,0.832214765,8,"sa200599"
2007,"Michael Collins","LAA","AA",22,119,429,463,0.242424242,104,5,43,0.171428571,4.433661132392527,0.43169399,0.161931818,1.809523809,15,"sa201125"
2007,"Brant Colamarino","OAK","AA",26,101,361,405,0.240997229,87,9,40,0.41025641,1.9238473699230854,0.54035088,0.162544169,1.097345132,10,"sa201549"
2007,"Onil Joseph","KCR","AA",25,105,347,378,0.253602305,88,3,39,0.273972602,5.434749927115194,0.41843972,0.164794007,2.328358208,2,"sa201755"
2008,"Gabriel Lopez","SDP","AA",28,87,351,401,0.245014245,86,3,49,1.225806451,3.608862446487419,0.48170732,0.229299363,1.520833333,4,"sa201918"
2008,"Mario Lisson","KCR","AA",24,130,476,531,0.224789915,107,14,57,0.314285714,6.826057217114614,0.48837209,0.173913043,1.171428571,9,"sa202240"
2012,"Mario Lisson","KCR","AA",28,116,376,435,0.247340425,93,11,40,0.542168674,5.356531356395748,0.53,0.155172413,1.752808988,8,"sa202240"
2007,"Peter Ciofrone","SDP","AA",23,97,364,408,0.26098901,95,6,58,0.6,3.8220219416119487,0.44516129,0.136212624,1.063492063,10,"sa202378"
2008,"Brian McFall","KCR","AA",24,106,348,404,0.24137931,84,18,42,0.378640776,3.980232023197266,0.53359684,0.220883534,0.920792079,9,"sa225660"
2007,"Christian Colonel","COL","AA",25,134,527,580,0.309297912,163,17,78,0.575,2.9526557183257998,0.46578366,0.210762331,1.070588235,1,"sa225671"
2007,"Vasili Spanos","OAK","AA",26,100,392,423,0.275510204,108,10,51,0.246376811,4.5872316315747135,0.37654321,0.19122257,1.433962264,13,"sa225873"
2007,"Jordan Czarniecki","COL","AA",26,128,427,501,0.281030444,120,13,74,0.733333333,4.873968667579609,0.52066116,0.175438596,1.05839416,7,"sa225969"
2011,"Adam Heether","OAK","AA",29,101,364,436,0.252747252,92,12,62,0.638888888,4.161191711002429,0.5,0.183391003,0.787878787,22,"sa226130"
2007,"Brian Snyder","OAK","AA",25,111,370,453,0.254054054,94,8,63,0.75,2.695693981465994,0.39272727,0.156716417,1.404255319,2,"sa226241"
2008,"Dustin Majewski","TEX","AA",26,125,430,519,0.286046511,123,10,70,1,4.499322588184672,0.45325779,0.23209169,0.928057553,4,"sa226256"
2007,"Casey Benjamin","TEX","AA",26,131,469,558,0.243070362,114,10,73,1,5.477337528340026,0.43932039,0.151515151,1.181818181,3,"sa226348"
2010,"Scott Beerer","COL","AA",27,112,391,425,0.25831202,101,4,40,0.317460317,2.886104816914653,0.38757396,0.203076923,1.398148148,2,"sa226486"
2011,"Eric Duncan","STL","AA",26,103,351,385,0.273504273,96,22,60,0.32051282,4.237895868880206,0.50896057,0.180147058,1.064814814,3,"sa243993"
2009,"Ryan Harvey","COL","AA",24,103,345,382,0.246376811,85,23,44,0.3,4.088680594146437,0.564,0.215447154,0.892156862,3,"sa244040"
2007,"Francisco Caraballo","HOU","AA",23,124,390,427,0.256410256,100,13,45,0.245454545,3.6257754624111955,0.41403509,0.19133574,1.574712643,5,"sa244082"
2007,"Geraldo Valentin","KCR","AA",24,112,437,480,0.288329519,126,2,48,0.54347826,3.5721823514361963,0.39408867,0.126288659,2.198113207,3,"sa244356"
2007,"Matt Miller","COL","AA",24,126,446,502,0.262331838,117,11,59,0.608695652,2.8691871343542354,0.40575916,0.156756756,1.456692913,10,"sa253307"
2008,"Matt Miller","COL","AA",25,106,407,461,0.343980343,140,10,72,0.977777777,3.079876405494657,0.39130435,0.224376731,1.886597938,4,"sa253307"
2007,"Myron Leslie","OAK","AA",25,108,386,454,0.287564766,111,5,53,0.853333333,2.3058060323974736,0.49683544,0.220447284,1.415841584,0,"sa253627"
2008,"Myron Leslie","OAK","AA",26,108,367,422,0.247956403,91,10,47,0.542553191,1.9457240656314254,0.53284672,0.237037037,1.215053763,3,"sa253627"
2008,"Ole Sheldon","HOU","AA",25,114,373,442,0.28150134,105,13,60,0.816901408,3.797619318365774,0.54723127,0.234113712,1.063063063,6,"sa253740"
2007,"Neil Sellers","HOU","AA",25,111,358,386,0.282122905,101,7,49,0.311475409,2.733388620265737,0.46333333,0.180272108,1.41,6,"sa253773"
2009,"Hainley Statia","LAA","AA",23,111,375,426,0.242666666,91,1,46,1,5.779289836013937,0.51136364,0.177177177,2.46835443,2,"sa254151"
2008,"Ben Johnson","LAA","AA",26,106,409,449,0.261613691,107,20,55,0.2125,3.809516257897889,0.53254438,0.171171171,0.87755102,16,"sa254156"
2008,"Nate Sutton","LAA","AA",25,118,453,491,0.275938189,125,7,58,0.397058823,6.3688811388488205,0.47594937,0.178010471,1.828828828,2,"sa254157"
2009,"Nate Sutton","LAA","AA",26,104,371,431,0.30458221,113,2,54,0.872727272,5.7205300712703036,0.37654321,0.226537216,1.597826086,4,"sa254157"
2008,"Lou Santangelo","HOU","AA",25,96,349,378,0.240687679,84,8,32,0.302325581,1.8909553233717737,0.44736842,0.195402298,1.258064516,0,"sa254343"
2008,"Mitch Einertson","HOU","AA",22,105,382,416,0.261780104,100,11,51,0.295454545,4.386059614495941,0.61204013,0.197278911,0.950413223,4,"sa254352"
2010,"Alex Valdez","OAK","AA",25,134,526,574,0.262357414,138,13,82,0.31707317,6.941932828007779,0.4029484,0.191919191,1,5,"sa254456"
2008,"Ben Harrison","TEX","AA",26,91,340,392,0.3,102,17,66,0.424242424,5.41390542866176,0.42622951,0.208333333,1.345679012,7,"sa254458"
2010,"Chris McConnell","KCR","AA",24,122,359,430,0.231197771,83,3,44,0.644736842,5.696771651021642,0.50169492,0.19503546,1.008849557,8,"sa254471"
2008,"Justin Nelson","COL","AA",25,114,364,420,0.247252747,90,20,61,0.418803418,4.421218486607143,0.52191235,0.182186234,1.061224489,7,"sa254485"
2009,"Wladimir Sutil","HOU","AA",24,125,472,536,0.273305084,129,1,77,1.047619047,4.614468846980371,0.51146789,0.205314009,1.384057971,12,"sa254761"
2010,"Jason Van Kooten","COL","AA",25,112,398,447,0.271356783,108,17,70,0.343137254,6.192887315695817,0.60666667,0.226804123,0.991150442,7,"sa262052"
2008,"Jon Zeringue","OAK","AA",25,126,478,545,0.257322175,123,23,75,0.429752066,4.001368940799089,0.54317549,0.176136363,0.986301369,12,"sa262153"
2007,"Richie Robnett","OAK","AA",23,120,490,531,0.267346938,131,18,73,0.261538461,4.153002791889248,0.42857143,0.177777777,1.192592592,3,"sa262564"
2013,"Matt Fields","KCR","AA",27,131,454,524,0.22246696,101,31,68,0.331491712,3.4523332038501975,0.48540146,0.143911439,1.035087719,9,"sa289014"
2007,"Corey Wimberly","COL","AA",23,92,365,404,0.26849315,98,4,63,0.365384615,7.256477091509308,0.37694704,0.152103559,2.852941176,12,"sa290201"
2008,"Corey Wimberly","COL","AA",24,108,388,449,0.291237113,113,0,65,0.911111111,7.329429693727656,0.36363636,0.192192192,3.014925373,9,"sa290201"
2010,"Daryl Jones","STL","AA",23,121,451,518,0.243902439,110,8,67,0.547368421,6.225582320810214,0.51810585,0.204022988,1.1640625,11,"sa291097"
2008,"Jose Martinez","STL","AA",22,127,483,530,0.252587991,122,8,50,0.454545454,2.5852108598371775,0.49342105,0.151376146,1.327044025,10,"sa291098"
2012,"Jose Martinez","HOU","AA",26,107,425,472,0.303529411,129,13,75,0.9,4.877242502304392,0.52820513,0.184895833,1.301470588,6,"sa291098"
2009,"Daniel Mayora","COL","AA",23,122,441,496,0.285714285,126,7,60,0.5,4.911589568208321,0.4327957,0.245070422,1.504672897,3,"sa291160"
2008,"Eli Iorg","HOU","AA",25,127,459,494,0.267973856,123,11,53,0.205357142,6.2243919260601235,0.43181818,0.204081632,1.757575757,5,"sa291170"
2009,"John Whittleman","TEX","AA",22,127,438,527,0.223744292,98,10,60,0.727272727,3.207957056455454,0.53293413,0.177710843,0.644578313,4,"sa291246"
2012,"John Whittleman","KCR","AA",25,93,305,376,0.219672131,67,15,45,0.614678899,2.460403808370352,0.54271357,0.166666666,0.65,1,"sa291246"
2007,"Cody Fuller","LAA","AA",24,106,330,386,0.221212121,73,2,37,0.348314606,6.396315690131881,0.4015748,0.17768595,1.618421052,8,"sa291716"
2009,"Mark Ori","HOU","AA",25,125,423,473,0.262411347,111,1,52,0.46590909,1.8079520135666227,0.38757396,0.206060606,1.471698113,6,"sa291745"
2009,"Jhon Florentino","HOU","AA",25,112,399,436,0.26566416,106,5,43,0.428571428,5.472808650599848,0.40718563,0.167173252,1.914893617,2,"sa291748"
2007,"Chris Frey","COL","AA",23,132,474,531,0.295358649,140,1,65,0.590163934,5.639447217066885,0.44339623,0.167475728,1.130434782,9,"sa291760"
2007,"Sean Danielson","STL","AA",24,91,320,369,0.290625,93,4,55,0.926829268,5.2686301307219,0.33684211,0.216606498,1.893333333,3,"sa291797"
2009,"Mike Paulk","COL","AA",25,124,413,483,0.288135593,119,8,63,0.913043478,3.917776390466905,0.40687679,0.218289085,2.011363636,1,"sa291803"
2007,"Steven Murphy","TEX","AA",23,130,488,529,0.276639344,135,11,70,0.27184466,4.565282352629957,0.46954315,0.2,0.855421686,5,"sa292368"
2008,"Steven Murphy","TEX","AA",24,129,508,558,0.261811023,133,20,84,0.288,7.667406634230348,0.45153061,0.193298969,0.54950495,4,"sa292368"
2009,"Drew Locke","HOU","AA",26,129,503,558,0.337972166,170,20,81,0.547619047,3.1601310263279885,0.46135831,0.220095693,1.397058823,1,"sa293188"
2008,"Daniel Carte","COL","AA",24,112,422,459,0.272511848,115,10,53,0.194690265,2.6654202114154124,0.44620253,0.216393442,1.366336633,7,"sa294216"
2008,"Jose Duarte","KCR","AA",23,133,528,585,0.25,132,10,68,0.549450549,5.587015184198629,0.41479821,0.163972286,2.29090909,0,"sa294238"
2009,"Jose Duarte","KCR","AA",24,93,326,380,0.248466257,81,4,50,0.701492537,6.088340065089458,0.35741445,0.225296442,1.684931506,0,"sa294238"
2010,"Andy Jenkins","TEX","AA",26,97,360,401,0.238888888,86,10,41,0.434210526,2.302658775685341,0.39655172,0.140287769,1.779069767,3,"sa294515"
2008,"Seth Johnston","SDP","AA",25,127,460,517,0.25,115,16,67,0.439560439,3.2240359671067194,0.4855643,0.208108108,1.236641221,4,"sa294700"
2009,"Seth Johnston","SDP","AA",26,108,373,415,0.233243967,87,9,37,0.359550561,3.6151206380076317,0.47079038,0.183098591,0.933333333,3,"sa294700"
2010,"Koby Clemens","HOU","AA",23,127,452,535,0.241150442,109,26,75,0.482517482,5.187712962294399,0.49206349,0.228295819,0.714285714,9,"sa294917"
2009,"Archie Gilbert","OAK","AA",25,119,449,527,0.282850779,127,3,81,1.173076923,6.514169874786566,0.485,0.167958656,1.9009009,13,"sa295116"
2010,"Archie Gilbert","OAK","AA",26,116,445,509,0.247191011,110,11,65,0.739130434,5.576755670601057,0.58115183,0.17204301,1.369230769,8,"sa295116"
2008,"Corey Smith","LAA","AA",26,128,495,537,0.27070707,134,26,58,0.291666666,4.11663384679197,0.4638404,0.165803108,0.894117647,10,"sa3000030"
2009,"Corey Smith","KCR","AA",27,140,550,597,0.249090909,137,21,67,0.295454545,3.937012026162055,0.45390071,0.199513381,0.993939393,4,"sa3000030"
2018,"Evan Mendoza","STL","AA",22,98,366,402,0.25409836,93,5,36,0.389610389,2.7618434872946187,0.36986301,0.261324041,1.355555555,3,"sa3002836"
2019,"Chase Calabuig","OAK","AA",23,109,403,476,0.280397022,113,4,57,0.623762376,4.335558698102817,0.38235294,0.220394736,2.16,5,"sa3006927"
2009,"Chad Tracy","TEX","AA",23,136,535,594,0.278504672,149,26,70,0.446601941,3.173205816429724,0.52927928,0.198630136,0.781725888,3,"sa326677"
2009,"Matthew Sulentic","OAK","AA",21,113,413,459,0.288135593,119,7,60,0.339805825,6.701163434482135,0.43670886,0.214057507,2.464788732,4,"sa326687"
2010,"Matthew Sulentic","OAK","AA",22,123,440,497,0.275,121,1,55,0.449541284,4.889446284826444,0.34124629,0.201807228,2.785714285,2,"sa326687"
2011,"Matthew Sulentic","OAK","AA",23,125,492,548,0.272357723,134,6,64,0.505376344,5.1348083781926075,0.42222222,0.1875,1.850877192,3,"sa326687"
2009,"Marcus Lemon","TEX","AA",21,126,451,510,0.261640798,118,1,56,0.6,5.123521725849384,0.48469388,0.229946524,1.548672566,2,"sa326707"
2010,"Marcus Lemon","TEX","AA",22,111,468,516,0.271367521,127,3,55,0.43902439,4.203250128761651,0.47193878,0.224274406,1.556521739,3,"sa326707"
2013,"Johnni Turbo","OAK","AA",24,118,485,522,0.284536082,138,5,75,0.228571428,6.252151421434743,0.46244131,0.175308641,1.474074074,10,"sa326716"
2008,"Craig Cooper","SDP","AA",23,121,408,461,0.281862745,115,7,46,0.48275862,3.890984580672687,0.41411043,0.235849056,1.927710843,6,"sa326841"
2009,"Craig Cooper","SDP","AA",24,131,503,586,0.312127236,157,11,69,0.858823529,3.380819072012124,0.43230404,0.242788461,1.423076923,7,"sa326841"
2009,"Jimmy Van Ostrand","HOU","AA",24,113,367,418,0.283378746,104,16,44,0.641791044,1.3537350025000001,0.4620462,0.146757679,0.908396946,5,"sa327047"
2011,"Jimmy Van Ostrand","HOU","AA",26,104,346,393,0.306358381,106,11,41,0.826923076,2.898337502069845,0.46644295,0.202054794,1.647727272,1,"sa327047"
2008,"Marc Maddox","KCR","AA",24,127,453,518,0.282560706,128,4,69,0.657534246,3.955901527666109,0.43152455,0.218085106,1.534482758,10,"sa327057"
2011,"Jeremy Barfield","OAK","AA",22,131,496,547,0.260080645,129,11,56,0.455555555,2.813232251049592,0.54368932,0.191066997,1.345323741,4,"sa327073"
2012,"Jeremy Barfield","OAK","AA",23,128,482,528,0.271784232,131,13,67,0.426829268,2.943505542394233,0.52088452,0.128140703,1.32885906,4,"sa327073"
2008,"Mark Shorey","STL","AA",23,114,388,432,0.304123711,118,11,49,0.263636363,3.0841053678634074,0.4375,0.228070175,1.222222222,5,"sa327078"
2009,"Kurt Mertins","KCR","AA",23,126,495,552,0.274747474,136,2,64,0.38317757,5.710436154653862,0.46,0.218181818,1.813084112,4,"sa327723"
2008,"Jeff Kindel","COL","AA",25,133,506,570,0.288537549,146,11,60,0.563829787,2.898820986364533,0.4569378,0.219512195,1.666666666,5,"sa327780"
2009,"Jeff Kindel","COL","AA",26,128,464,543,0.265086206,123,6,62,0.781609195,3.653572948014427,0.42408377,0.221635883,1.565217391,6,"sa327780"
2009,"Anthony Jackson","COL","AA",25,116,422,491,0.220379146,93,4,61,0.758620689,7.316977968245634,0.43386243,0.17679558,1.733944954,7,"sa327792"
2010,"Anthony Jackson","COL","AA",26,122,434,515,0.251152073,109,2,67,0.821917808,7.5141349036487535,0.40106952,0.216901408,2.270588235,9,"sa327792"
2013,"Jake Blackwood","SDP","AA",27,126,478,505,0.259414225,124,7,53,0.282051282,2.8996140356448468,0.36476427,0.214285714,1.153846153,3,"sa327899"
2009,"James Rapoport","STL","AA",24,124,458,543,0.255458515,117,4,69,0.972602739,5.460063702042265,0.34771574,0.183937823,2,4,"sa328607"
2011,"Angel Castillo","LAA","AA",22,105,347,381,0.216138328,75,6,44,0.221153846,6.066252006509063,0.50806452,0.152892561,1.135416666,7,"sa328819"
2013,"Chih-Hsien Chiang","TEX","AA",25,125,476,507,0.262605042,125,11,61,0.261363636,2.7649639688335794,0.42278481,0.128272251,1.280821917,2,"sa328920"
2009,"Wilberto Ortiz","LAA","AA",24,119,435,485,0.257471264,112,0,43,0.744680851,3.765879783502531,0.36708861,0.177718832,1.649572649,6,"sa329326"
2010,"Renny Osuna","TEX","AA",25,119,450,498,0.293333333,132,4,59,0.363636363,6.184368731469119,0.41450777,0.234332425,1.650943396,5,"sa330039"
2011,"Renny Osuna","TEX","AA",26,123,520,572,0.294230769,153,10,72,0.619047619,4.993133949216923,0.35760171,0.213186813,1.539007092,1,"sa330039"
2012,"Renny Osuna","LAA","AA",27,124,476,523,0.258403361,123,3,64,0.692307692,5.353990233532362,0.41801386,0.198564593,1.913043478,2,"sa330039"
2011,"Anthony Seratelli","KCR","AA",28,129,440,523,0.281818181,124,9,91,0.815217391,7.8742347248738795,0.45584046,0.209912536,1.15079365,5,"sa378376"
2009,"Coby Smith","LAA","AA",28,116,450,508,0.262222222,118,8,68,0.672727272,6.936741910445674,0.51597052,0.163212435,0.856321839,6,"sa381974"
2011,"Davis Stoneburner","TEX","AA",26,116,438,499,0.269406392,118,9,64,0.422222222,6.609212312265387,0.49859944,0.218023255,1.152,12,"sa389184"
2009,"Darin Holcomb","COL","AA",23,128,479,548,0.271398747,130,13,67,1.08,3.2053077968215256,0.43409091,0.165484633,1.088757396,4,"sa389283"
2009,"Collin DeLome","HOU","AA",23,125,467,522,0.254817987,119,20,79,0.262411347,7.261350045781469,0.41916168,0.160990712,0.683229813,11,"sa389712"
2011,"Mike Bianucci","TEX","AA",25,133,535,587,0.242990654,130,30,80,0.257352941,4.131498682901358,0.51980198,0.150375939,0.712121212,12,"sa389801"
2011,"Jonathan Greene","TEX","AA",25,130,487,540,0.291581108,142,18,73,0.186335403,3.3470339530837796,0.43636364,0.217791411,0.834532374,19,"sa389860"
2009,"Tyler Henley","STL","AA",24,123,423,481,0.302600472,128,13,62,0.625,4.835378368243003,0.43715847,0.213483146,1.333333333,5,"sa389904"
2012,"Michael Mitchell","COL","AA",26,127,462,494,0.235930735,109,4,41,0.2,5.793607208140297,0.38648649,0.159779614,1.346153846,6,"sa389918"
2009,"Mitch Canham","SDP","AA",24,111,407,461,0.262899262,107,6,48,0.676470588,3.9131660557664043,0.39825581,0.174041297,1.258064516,3,"sa389920"
2009,"Matthew Spencer","OAK","AA",23,93,371,410,0.293800539,109,9,59,0.346666666,3.9986939788031144,0.42524917,0.220735785,0.941666666,7,"sa390327"
2009,"Josh Horton","OAK","AA",23,125,510,585,0.262745098,134,5,80,1,5.665925754691732,0.35964912,0.178082191,2.025210084,1,"sa390360"
2010,"Josh Horton","OAK","AA",24,108,420,470,0.285714285,120,3,60,0.82,4.23043012019019,0.4171123,0.211956521,1.636363636,5,"sa390360"
2012,"Josh Horton","OAK","AA",26,121,461,514,0.277657266,128,9,51,0.415929203,3.8989619151523933,0.36752137,0.175792507,1.269841269,3,"sa390360"
2010,"Sawyer Carroll","SDP","AA",24,128,458,522,0.240174672,110,7,50,0.455284552,3.1846524517770205,0.42352941,0.150442477,0.894736842,3,"sa390596"
2011,"Sawyer Carroll","SDP","AA",25,129,460,525,0.267391304,123,18,68,0.628865979,5.923812588892151,0.42076503,0.17977528,0.813664596,0,"sa390596"
2013,"Darwin Perez","OAK","AA",23,115,393,462,0.236641221,93,3,55,0.485436893,7.039802704914029,0.44370861,0.199300699,1.726190476,4,"sa392746"
2011,"Darwin Perez","LAA","AA",21,121,424,514,0.257075471,109,2,61,0.69,6.668185681700159,0.38643068,0.214057507,2,6,"sa392746"
2012,"Darwin Perez","LAA","AA",22,126,407,460,0.213759213,87,6,51,0.448979591,5.572493353291403,0.4556962,0.162866449,1.954022988,3,"sa392746"
2016,"Anthony Phillips","LAA","AA",26,114,347,405,0.259365994,90,1,43,0.46835443,4.697062127633668,0.40989399,0.247148288,1.357142857,4,"sa392886"
2012,"Jeudy Valdez","SDP","AA",23,128,462,507,0.225108225,104,12,52,0.166666666,5.297057168784323,0.53623188,0.168168168,0.871621621,12,"sa392932"
2013,"Jeudy Valdez","SDP","AA",24,125,443,478,0.250564334,111,10,46,0.254716981,5.570524322792615,0.51603499,0.213213213,1.278260869,5,"sa392932"
2012,"Edinson Rincon","SDP","AA",21,134,494,521,0.291497975,144,10,45,0.282051282,1.6190373704178733,0.48086124,0.161764705,1.358620689,1,"sa397812"
2011,"T.J. Steele","HOU","AA",24,118,415,444,0.214457831,89,11,55,0.140350877,7.745124485461789,0.40776699,0.160958904,1.45,4,"sa454522"
2011,"Roberto Lopez","LAA","AA",25,92,331,376,0.274924471,91,12,39,0.542372881,2.3733462642949394,0.53818182,0.203007518,1.12,9,"sa454598"
2012,"Roberto Lopez","LAA","AA",26,137,524,580,0.257633587,135,16,58,0.550724637,2.531155134494657,0.54347826,0.171111111,0.912820512,13,"sa454598"
2013,"Kiel Roling","COL","AA",26,112,410,458,0.260975609,107,24,55,0.355140186,1.11909680875,0.4483871,0.182119205,0.81617647,3,"sa454751"
2010,"Jon Gaston","HOU","AA",23,132,461,520,0.245119305,113,13,64,0.447619047,6.650600385651486,0.4532967,0.19327731,0.959183673,6,"sa454776"
2011,"Jon Gaston","HOU","AA",24,114,415,446,0.236144578,98,7,39,0.252336448,6.520899394663073,0.42718447,0.236065573,1.33,3,"sa454776"
2010,"Aaron Luna","STL","AA",23,103,319,409,0.269592476,86,15,60,0.863013698,5.049368798913122,0.50806452,0.190871369,1.34939759,25,"sa454788"
2011,"Chris Swauger","STL","AA",24,114,362,392,0.29558011,107,12,52,0.358208955,3.5452591178156636,0.39261745,0.156462585,1.88372093,3,"sa455020"
2014,"Curt Smith","STL","AA",27,114,390,436,0.261538461,102,11,43,0.53030303,3.298496855219433,0.41741742,0.208588957,1.224137931,3,"sa455031"
2014,"Tyler Massey","COL","AA",24,125,469,509,0.260127931,122,8,61,0.362637362,7.30595363988993,0.45454545,0.210106382,1.21641791,1,"sa455277"
2012,"Carlo Testa","KCR","AA",25,113,364,415,0.244505494,89,15,51,0.366972477,6.198792465872898,0.41221374,0.154761904,1.448275862,3,"sa455365"
2012,"Andy Simunic","HOU","AA",26,106,391,435,0.296675191,116,2,59,0.446153846,5.293375386796363,0.49404762,0.198142414,2.120481927,5,"sa455409"
2014,"Brian Humphries","COL","AA",24,112,402,429,0.276119402,111,4,35,0.148648648,5.221644568953841,0.4100295,0.200617283,1.726315789,4,"sa455430"
2011,"Zack Cox","STL","AA",22,93,352,389,0.292613636,103,10,54,0.420289855,1.981001654220407,0.38111888,0.219858156,1.650602409,6,"sa455436"
2014,"Angel Franco","KCR","AA",24,94,338,383,0.23372781,79,2,36,0.54,4.591541248185681,0.43853821,0.232394366,1.53488372,1,"sa455631"
2012,"Angelys Nina","COL","AA",23,118,412,445,0.269417475,111,6,45,0.402985074,4.529022547440003,0.44126074,0.164222873,2.275862068,2,"sa455672"
2013,"Angelys Nina","COL","AA",24,123,446,487,0.280269058,125,10,45,0.526315789,5.805341306717035,0.38324873,0.203125,1.732142857,5,"sa455672"
2014,"Maikol Gonzalez","LAA","AA",28,89,319,381,0.269592476,86,1,57,1,7.229708043680272,0.40363636,0.212927756,2.184615384,1,"sa462938"
2013,"Delta Cleary Jr.","COL","AA",23,116,397,452,0.206549118,82,2,43,0.354838709,6.015730491932506,0.38170347,0.163333333,2.024096385,5,"sa463884"
2014,"Delta Cleary Jr.","COL","AA",24,102,354,409,0.251412429,89,3,49,0.445783132,6.928867784055891,0.4245614,0.19330855,1.818181818,3,"sa463884"
2013,"Jio Mier","HOU","AA",22,104,355,416,0.194366197,69,5,44,0.474226804,3.59852917827389,0.44569288,0.155378486,0.927272727,4,"sa500732"
2015,"Jio Mier","HOU","AA",24,109,376,443,0.257978723,97,7,53,0.662337662,4.946258815934888,0.45337621,0.242524916,0.868852459,5,"sa500732"
2011,"Tim Wheeler","COL","AA",23,138,561,637,0.286987522,161,33,105,0.415492957,6.180910018738608,0.53791469,0.170673076,1.041420118,12,"sa500746"
2011,"Tommy Mendonca","TEX","AA",23,125,504,556,0.277777777,140,25,75,0.21875,3.0343586565778065,0.37428571,0.205202312,0.729559748,11,"sa500821"
2013,"Jonathan Meyer","HOU","AA",22,129,484,535,0.260330578,126,15,61,0.376146788,2.3575876658338575,0.5104712,0.176470588,0.866666666,3,"sa501198"
2014,"Adam Buschini","SDP","AA",27,100,359,403,0.211699164,76,9,50,0.539473684,5.356835248453756,0.55244755,0.136690647,1.222222222,0,"sa501445"
2014,"Jason Hagerty","SDP","AA",26,97,350,409,0.268571428,94,10,46,0.708333333,3.1705984482004617,0.44086022,0.181818181,1.272727272,6,"sa501451"
2011,"Stephen Parker","OAK","AA",23,132,504,576,0.283730158,143,10,72,0.644859813,2.6543289451891354,0.45728643,0.2,1.736842105,2,"sa501459"
2011,"Brandon Wikoff","HOU","AA",23,103,331,386,0.308157099,102,3,40,1.424242424,2.583899823320689,0.41,0.198630136,2.078947368,3,"sa501476"
2012,"Casey Haerther","LAA","AA",24,124,487,503,0.271047227,132,10,39,0.1875,2.123925149563017,0.40046838,0.152380952,1.825396825,1,"sa501491"
2011,"Mike Spina","OAK","AA",24,129,484,569,0.283057851,137,11,65,0.636363636,3.1453170952784344,0.43421053,0.195710455,1.290076335,10,"sa501624"
2013,"Erik Castro","HOU","AA",25,117,410,473,0.280487804,115,18,62,0.523809523,1.969820063472373,0.50324675,0.186666666,1.06779661,2,"sa501648"
2013,"Travis Witherspoon","LAA","AA",24,129,448,514,0.214285714,96,11,58,0.466101694,6.334299067988091,0.5339233,0.166163141,1.33898305,1,"sa501690"
2012,"Anthony Aliotti","OAK","AA",24,123,455,531,0.292307692,133,10,72,0.527131782,2.04665294625,0.36636637,0.191358024,1.519230769,3,"sa501732"
2013,"Anthony Aliotti","OAK","AA",25,91,340,409,0.35,119,12,49,0.795180722,1.9586445672514103,0.42307692,0.232558139,0.98,0,"sa501732"
2017,"Anthony Garcia","STL","AA",25,101,347,398,0.293948126,102,15,57,0.555555555,4.94485528023187,0.41992883,0.226277372,0.944954128,5,"sa502038"
2017,"Joey Wong","SEA","AA",29,118,390,473,0.241025641,94,2,62,0.835443037,2.542984180707576,0.40186916,0.225806451,2.333333333,8,"sa502131"
2018,"Victor Roache","STL","AA",26,121,426,475,0.218309859,93,18,50,0.309859154,3.8550524007422147,0.48780488,0.130742049,1.120689655,3,"sa502154"
2012,"Conner Crumbliss","OAK","AA",25,128,470,605,0.257446808,121,10,94,1.224489795,6.521792779048848,0.42592593,0.176470588,1.124137931,9,"sa502365"
2013,"Conner Crumbliss","OAK","AA",26,92,347,430,0.279538904,97,10,66,1.210526315,5.214484149836722,0.42,0.178694158,0.896825396,6,"sa502365"
2014,"Conner Crumbliss","OAK","AA",27,118,439,522,0.250569476,110,10,66,1.045454545,5.815836392926302,0.46981627,0.196765498,0.960526315,7,"sa502365"
2012,"Jared Prince","TEX","AA",26,106,385,427,0.233766233,90,12,46,0.351851851,1.70857878375,0.51775148,0.148606811,1.235772357,19,"sa502557"
2014,"Andrew Aplin","HOU","AA",23,98,356,434,0.266853932,95,6,49,1.160714285,4.6351225510325165,0.48874598,0.196666666,1.386138613,2,"sa502787"
2014,"Justin Trapp","KCR","AA",23,113,364,407,0.239010989,87,4,47,0.395061728,4.775509810195607,0.46020761,0.189781021,0.964601769,3,"sa503022"
2014,"Jonathan Rodriguez","STL","AA",24,114,406,469,0.266009852,108,11,45,0.583333333,4.090100259317442,0.45047923,0.197411003,1.137931034,4,"sa503023"
2015,"Jonathan Rodriguez","STL","AA",25,124,454,513,0.275330396,125,13,65,0.56,3.4284301902031253,0.47752809,0.190201729,1.361344537,1,"sa503023"
2016,"Jabari Henry","LAA","AA",25,102,352,397,0.213068181,75,15,42,0.327272727,3.1150724271506087,0.46721311,0.1875,0.772727272,7,"sa503328"
2014,"Brian Hernandez","LAA","AA",25,119,458,508,0.307860262,141,7,53,0.458823529,2.3322975587298593,0.45767196,0.231182795,1.530973451,6,"sa503330"
2015,"Brian Hernandez","LAA","AA",26,136,516,569,0.25,129,8,59,0.418367346,2.0028380691611805,0.50934579,0.189573459,1.736,2,"sa503330"
2018,"Beau Amaral","SEA","AA",27,102,384,432,0.25,96,3,57,0.392857142,5.317672764696221,0.39871383,0.280528052,1.449438202,4,"sa503642"
2013,"Teodoro Martinez","TEX","AA",21,117,443,470,0.248306997,110,15,51,0.264705882,5.102871540645,0.49867374,0.159459459,1.019480519,4,"sa505946"
2015,"Diego Goris","SDP","AA",24,99,384,402,0.252604166,97,5,38,0.218181818,2.803889182903431,0.43543544,0.210031347,1.652631578,2,"sa507199"
2015,"Luis Domoromo","SDP","AA",23,115,408,438,0.262254901,107,4,48,0.228260869,5.578846863154062,0.42236025,0.207006369,1.128205128,2,"sa507248"
2017,"Noah Perio","SDP","AA",25,112,430,466,0.281395348,121,4,53,0.5,4.72725221166832,0.42895442,0.216216216,1.248062015,2,"sa513056"
2011,"Jose Ruiz","TEX","AA",26,106,397,445,0.274559193,109,12,47,0.597014925,3.5945962265756606,0.49850746,0.192192192,1.717171717,4,"sa523975"
2012,"Austin Wates","HOU","AA",23,95,359,409,0.303621169,109,7,58,0.436619718,6.205123106021251,0.47457627,0.156583629,1.278846153,11,"sa526661"
2014,"Trever Adams","TEX","AA",25,125,482,531,0.278008298,134,14,71,0.38,4.268552706076479,0.43814433,0.19047619,1.013157894,4,"sa546549"
2015,"Trever Adams","TEX","AA",26,94,344,380,0.229651162,79,7,39,0.263636363,4.8909281830005416,0.45606695,0.272340425,0.838709677,2,"sa546549"
2013,"Jayson Langfels","COL","AA",24,114,376,427,0.218085106,82,14,48,0.251908396,4.126419852084885,0.42687747,0.183673469,1.43902439,10,"sa546633"
2013,"Mike O'Neill","STL","AA",25,98,359,434,0.320334261,115,2,66,2.73076923,5.563932935272894,0.31750742,0.198198198,1.752577319,0,"sa546800"
2014,"Mike O'Neill","STL","AA",26,92,360,408,0.269444444,97,1,57,1.108108108,4.678675185310193,0.31402439,0.196261682,2,1,"sa546800"
2014,"Yeison Asencio","SDP","AA",24,117,455,486,0.285714285,130,10,52,0.421052631,4.278631478879158,0.5,0.145780051,1.492537313,3,"sa548016"
2015,"Yeison Asencio","SDP","AA",25,126,482,508,0.300829875,145,13,48,0.35,3.203965590968724,0.51793722,0.16590909,1.73880597,8,"sa548016"
2016,"Gabriel Quintana","SDP","AA",23,130,456,487,0.24122807,110,20,53,0.144927536,4.096524603519856,0.51090343,0.19047619,1.023809523,7,"sa548052"
2015,"Luis Mendez","TEX","AA",22,98,335,378,0.23880597,80,2,35,0.402777777,5.122724681736859,0.34432234,0.236641221,2.773584905,4,"sa548109"
2013,"Taylor Lindsey","LAA","AA",21,134,508,567,0.273622047,139,17,68,0.527472527,4.186052192389714,0.53900709,0.193236714,1.256756756,4,"sa548170"
2014,"Jake Skole","TEX","AA",22,103,342,386,0.216374269,74,6,46,0.388349514,5.175763441205469,0.45491803,0.145833333,1.44047619,0,"sa548177"
2014,"Ryan Casteel","COL","AA",23,113,436,481,0.279816513,122,16,63,0.414893617,3.0202854549784055,0.45244957,0.217261904,1.369369369,3,"sa549286"
2017,"Ryan Casteel","SEA","AA",26,100,389,424,0.272493573,106,12,47,0.369047619,2.105461243170125,0.47249191,0.222591362,1.034782608,0,"sa549286"
2012,"Adam Melker","STL","AA",24,126,352,398,0.27840909,98,10,50,0.48,3.8455415241467605,0.46666667,0.151624548,1.35,2,"sa549302"
2013,"Chad Oberacker","OAK","AA",24,120,448,506,0.236607142,106,6,55,0.405940594,7.625189421742263,0.47486034,0.140804597,0.967105263,6,"sa549447"
2015,"Chad Oberacker","OAK","AA",26,101,395,451,0.293670886,116,5,69,0.567567567,7.306861173471115,0.42598187,0.227848101,1.016528925,2,"sa549447"
2016,"Viosergy Rosa","OAK","AA",26,127,459,535,0.25490196,117,9,50,0.528571428,1.2880433035261052,0.49844237,0.21835443,1.714285714,1,"sa549558"
2017,"Viosergy Rosa","OAK","AA",27,135,517,585,0.255319148,132,18,62,0.408759124,1.793415587156532,0.43765903,0.182767624,1.235714285,2,"sa549558"
2015,"Josh Whitaker","OAK","AA",26,89,355,387,0.256338028,91,12,58,0.317647058,4.935771909506223,0.41176471,0.200757575,0.867256637,2,"sa549594"
2016,"James Ramsay","HOU","AA",24,97,338,391,0.195266272,66,4,44,0.597014925,4.305073339901641,0.51798561,0.2,0.911504424,4,"sa550086"
2015,"Conrad Gregor","HOU","AA",23,127,435,510,0.239080459,104,10,57,0.637254901,4.154717058564259,0.51327434,0.234939759,0.938931297,3,"sa550116"
2016,"Conrad Gregor","HOU","AA",24,106,370,422,0.21081081,78,9,36,0.75,2.4318150780356405,0.36774194,0.189542483,1.137931034,0,"sa550116"
2018,"Michael O'Neill","TEX","AA",26,121,440,498,0.254545454,112,12,62,0.344537815,6.466339070083826,0.46987952,0.176656151,1.269565217,8,"sa550175"
2016,"Tyler Marincov","OAK","AA",24,101,374,423,0.267379679,100,10,54,0.439560439,4.748264508674017,0.43598616,0.216312056,1.232323232,3,"sa550348"
2016,"Joe Jackson","TEX","AA",24,113,413,453,0.268765133,111,5,41,0.318181818,3.145898257917873,0.41033435,0.260736196,0.991735537,7,"sa550375"
2015,"Alberth Martinez","SDP","AA",24,129,479,531,0.275574112,132,11,58,0.517647058,3.771863124705672,0.51507538,0.208877284,1.312977099,5,"sa550588"
2017,"Alberth Martinez","SDP","AA",26,113,395,430,0.240506329,95,10,45,0.304878048,4.59640493949355,0.45714286,0.171521035,1.115702479,7,"sa550588"
2014,"Casey McElroy","SDP","AA",24,96,347,411,0.244956772,85,9,56,0.921568627,2.944256084448771,0.43521595,0.186851211,0.910569105,12,"sa577018"
2015,"Cal Towey","LAA","AA",25,98,316,385,0.215189873,68,2,39,0.509090909,5.83201091809901,0.4009434,0.242857142,1.012658227,7,"sa579778"
2012,"Yem Prades","KCR","AA",24,118,495,522,0.268686868,133,8,71,0.096491228,6.198551061856008,0.54591837,0.130666666,1.187919463,4,"sa596392"
2018,"Yonathan Mendoza","SEA","AA",24,97,333,385,0.261261261,87,0,61,0.958333333,4.3305762431802215,0.4467354,0.204946996,1.884615384,0,"sa596904"
2016,"Mauricio Ramos","KCR","AA",24,125,483,517,0.287784679,139,9,41,0.206521739,2.9900825200314443,0.45226131,0.228205128,1.408,10,"sa597006"
2017,"Mauricio Ramos","KCR","AA",25,92,356,378,0.258426966,92,11,36,0.15730337,2.570820220853339,0.49070632,0.229007633,1.623376623,7,"sa597006"
2018,"Jecksson Flores","KCR","AA",24,122,459,508,0.31372549,144,7,74,0.416666666,6.387508653811307,0.54887218,0.201044386,1.528925619,7,"sa597007"
2017,"Tyler Marlette","SEA","AA",24,97,368,405,0.244565217,90,11,47,0.348314606,2.805571574730221,0.41637011,0.209386281,1.212121212,4,"sa597836"
2015,"Peter Lavin","LAD","AA",27,123,435,485,0.248275862,108,9,51,0.547945205,5.117203569853608,0.45108696,0.218836565,0.867549668,0,"sa598644"
2013,"James Ramsey","STL","AA",23,93,347,416,0.250720461,87,15,61,0.49074074,5.084530740430461,0.40725806,0.167364016,1.726027397,6,"sa599239"
2017,"Jose Cardona","TEX","AA",23,109,429,465,0.277389277,119,7,46,0.458333333,4.871281726298448,0.39030612,0.238219895,1.346774193,5,"sa599888"
2018,"Chris Mariscal","SEA","AA",25,120,444,509,0.261261261,116,7,58,0.389312977,4.516532280738658,0.49375,0.331210191,1.1875,7,"sa600255"
2015,"Preston Beck","TEX","AA",24,93,343,386,0.224489795,77,5,38,0.65,5.565183491983458,0.46689895,0.200704225,1.364583333,1,"sa621361"
2018,"Preston Beck","TEX","AA",27,122,442,488,0.260180995,115,13,58,0.404255319,3.208274558834836,0.42120344,0.246376811,1.20338983,7,"sa621361"
2019,"Preston Beck","TEX","AA",28,100,372,421,0.247311827,92,11,51,0.517241379,4.43059815288081,0.43706294,0.2,0.753846153,3,"sa621361"
2014,"Alex Yarbrough","LAA","AA",22,136,544,592,0.28492647,155,5,66,0.266129032,4.119760677440869,0.46189376,0.230588235,1.069620253,1,"sa621579"
2016,"Alex Yarbrough","LAA","AA",24,131,510,554,0.266666666,136,4,48,0.25,4.200329977173007,0.43622449,0.266318537,1.112781954,1,"sa621579"
2018,"Eliezer Alvarez","TEX","AA",23,108,408,460,0.227941176,93,12,68,0.338709677,8.60111005609879,0.47931034,0.194346289,1.746987951,2,"sa657261"
2019,"Eliezer Alvarez","TEX","AA",24,98,352,403,0.230113636,81,9,48,0.398373983,5.035015134229088,0.42424242,0.155555555,1.567567567,0,"sa657261"
2018,"Randy Cesar","HOU","AA",23,116,446,485,0.295964125,132,10,59,0.321428571,3.28172100981994,0.44345238,0.221884498,1.666666666,1,"sa657542"
2017,"BJ Boyd","OAK","AA",23,130,533,578,0.322701688,172,5,82,0.459459459,6.193974565199603,0.37553648,0.195604395,2.852631578,5,"sa657987"
2017,"Chuck Taylor","SEA","AA",23,122,471,545,0.27388535,129,9,74,0.733333333,5.259115216049913,0.453125,0.23076923,1.301587301,6,"sa658001"
2018,"Chuck Taylor","SEA","AA",24,126,502,575,0.296812749,149,3,70,0.772151898,3.208093648285168,0.44392523,0.293144208,1.120567375,7,"sa658001"
2018,"Joey Curletta","SEA","AA",24,129,465,556,0.28172043,131,23,70,0.623076923,1.549456923600939,0.46086957,0.234939759,0.716216216,1,"sa658025"
2017,"Alfredo Escalera","KCR","AA",22,118,456,490,0.260964912,119,7,50,0.168141592,5.326308661346134,0.44092219,0.198224852,1.53271028,11,"sa658111"
2016,"Brett Vertigan","OAK","AA",25,110,415,462,0.245783132,102,2,47,0.444444444,5.651423135874642,0.40606061,0.20625,1.67368421,2,"sa658149"
2018,"Dario Pizzano","SEA","AA",27,107,400,454,0.285,114,11,43,0.854545454,3.0805654334447503,0.44985673,0.265895953,1,3,"sa658253"
2016,"Bruce Caldwell","STL","AA",24,99,355,403,0.250704225,89,11,47,0.353448275,2.7702730100523882,0.35918367,0.205761316,1.168539325,1,"sa658271"
2016,"Jacob Scavuzzo","LAD","AA",22,112,421,459,0.266033254,112,10,59,0.28,4.34839412633645,0.50920245,0.190625,1.158333333,6,"sa658601"
2015,"Wade Hinkle","LAA","AA",25,106,347,405,0.247838616,86,8,35,0.473118279,1.9699516859585076,0.47528517,0.210116731,1.445783132,6,"sa658642"
2019,"Mikey White","OAK","AA",25,97,391,441,0.260869565,102,10,59,0.392156862,2.543189955336203,0.48805461,0.265017667,1.337078651,7,"sa658966"
2016,"Chase McDonald","HOU","AA",24,109,392,434,0.227040816,89,17,40,0.3,0.8488756525000001,0.45848375,0.192727272,1.198019801,1,"sa706987"
2017,"Juremi Profar","TEX","AA",21,109,415,435,0.262650602,109,10,38,0.327586206,2.2175652561124566,0.45251397,0.229226361,1.401785714,1,"sa736995"
2018,"Juremi Profar","TEX","AA",22,98,349,378,0.23209169,81,10,37,0.52173913,2.027888448551005,0.45424837,0.176079734,1.254545454,2,"sa736995"
2019,"Juremi Profar","TEX","AA",23,90,348,383,0.290229885,101,10,46,0.58490566,1.5800310484776718,0.45637584,0.233898305,1.112149532,1,"sa736995"
2019,"Edwin Diaz","OAK","AA",23,127,458,520,0.237991266,109,14,63,0.31372549,5.512351055724138,0.53225806,0.215231788,0.717391304,9,"sa738152"
2015,"Jon Kemmer","HOU","AA",24,104,364,425,0.326923076,119,18,67,0.505617977,5.999031542052411,0.44444444,0.311355311,1.186046511,12,"sa738208"
2019,"Nick Zammarelli III","SEA","AA",24,101,347,387,0.23054755,80,9,35,0.275229357,3.8192908212033663,0.44628099,0.257383966,1,6,"sa738401"
2018,"Stephen Wrenn","HOU","AA",23,121,472,532,0.247881355,117,9,79,0.318840579,7.975658016978516,0.4664723,0.203592814,1.030534351,7,"sa738419"
2019,"Stephen Wrenn","HOU","AA",24,102,380,438,0.247368421,94,8,56,0.394495412,7.972593762814779,0.39130435,0.264705882,1.531645569,10,"sa738419"
2019,"Michael Reed","SDP","AA",24,121,381,441,0.228346456,87,14,49,0.333333333,6.022500377692152,0.5112782,0.219607843,0.970297029,6,"sa738683"
2019,"Jordan Cowan","SEA","AA",24,124,440,504,0.263636363,116,2,49,0.623529411,4.083771813793925,0.38842975,0.25,2.104651162,4,"sa738703"
2017,"Eric Aguilera","TEX","AA",26,111,387,448,0.222222222,86,15,52,0.441666666,1.8407466495441793,0.40740741,0.240601503,1.244444444,5,"sa738943"
2016,"Eric Aguilera","LAA","AA",25,119,459,495,0.270152505,124,14,49,0.207692307,3.5026979464909376,0.41616766,0.276595744,1.288461538,4,"sa738943"
2017,"Samir Duenez","KCR","AA",21,132,523,566,0.252390057,132,17,65,0.318965517,4.513733067207245,0.44878049,0.199017199,1.328571428,3,"sa739574"
2017,"Michael De Leon","TEX","AA",20,112,394,418,0.223350253,88,2,29,0.375,2.9305609046497936,0.46438746,0.207100591,1.504672897,1,"sa823925"
2018,"Michael De Leon","TEX","AA",21,135,503,536,0.262425447,132,4,54,0.304347826,2.1481462644154785,0.39366516,0.248847926,1.587301587,4,"sa823925"
2019,"Michael De Leon","TEX","AA",22,127,477,516,0.259958071,124,3,51,0.483870967,2.4386138522493646,0.47016706,0.171497584,1.559701492,5,"sa823925"
2018,"Kyle Overstreet","SDP","AA",24,124,470,507,0.272340425,128,9,45,0.426666666,2.6780625808748395,0.47117794,0.202046035,1.093959731,3,"sa827140"
2019,"Kyle Overstreet","SDP","AA",25,102,367,406,0.258855585,95,7,38,0.382716049,2.4909455095219855,0.45172414,0.228373702,1.45054945,4,"sa827140"
2016,"Andrew Daniel","LAA","AA",23,121,448,501,0.265625,119,5,51,0.382352941,4.562754896584426,0.42045455,0.26744186,1.27027027,7,"sa827358"
2019,"Osvaldo Duarte","HOU","AA",23,123,458,497,0.233624454,107,12,59,0.201342281,7.365913453952857,0.46129032,0.217821782,1.576086956,7,"sa828299"
2018,"Michael Gettys","SDP","AA",22,125,431,473,0.229698375,99,15,51,0.19375,6.032152654252194,0.45289855,0.195402298,1.164948453,6,"sa828692"
2016,"Nicholas Torres","SDP","AA",23,93,373,397,0.28150134,105,6,40,0.166666666,4.888552085771148,0.50359712,0.242647058,1.263736263,6,"sa828872"
2017,"Nicholas Torres","SDP","AA",24,119,437,467,0.276887871,121,11,59,0.222222222,3.0476923239826887,0.43202417,0.285276073,1.647727272,4,"sa828872"
2016,"Logan Moon","KCR","AA",24,107,351,388,0.253561253,89,4,42,0.252427184,3.8372973662308594,0.30859375,0.213709677,1.532467532,2,"sa829029"
2016,"Nelson Ward","SDP","AA",23,123,453,528,0.220750551,100,6,55,0.444444444,6.019115922607293,0.49262537,0.199376947,1.089430894,7,"sa829034"
2016,"Nick Tanielu","HOU","AA",23,95,371,403,0.253369272,94,7,35,0.366666666,2.253684711341198,0.4031746,0.211038961,1.042016806,3,"sa829082"
2016,"Bo Way","LAA","AA",24,130,425,471,0.26117647,111,2,41,0.356321839,5.389583134409637,0.46397695,0.22960725,3.112903225,6,"sa829126"
2017,"Antonio Nunez","HOU","AA",24,114,363,419,0.223140495,81,2,34,0.45,3.906299667493532,0.45895522,0.232283464,1.010309278,5,"sa829188"
2016,"Corey Toups","KCR","AA",23,86,338,394,0.275147928,93,10,60,0.375,6.6818153019989275,0.516,0.227272727,1.149425287,10,"sa829321"
2019,"Jared Walker","LAD","AA",23,119,321,387,0.211838006,68,13,49,0.373134328,3.8093264528989144,0.43915344,0.256684491,0.674698795,14,"sa829364"
2019,"Cristian Santana","LAD","AA",22,102,399,413,0.300751879,120,10,45,0.113636363,1.8407738025,0.43312102,0.23051948,2.338028169,2,"sa829387"
2016,"J.P. Sportman","OAK","AA",24,120,483,515,0.267080745,129,5,63,0.31707317,6.3443768523192405,0.44554455,0.221374045,1.781818181,4,"sa829450"
2017,"J.P. Sportman","OAK","AA",25,130,513,558,0.274853801,141,12,71,0.31858407,5.506967278752025,0.47890819,0.198492462,1.511811023,5,"sa829450"
2018,"J.P. Sportman","OAK","AA",26,103,401,428,0.27680798,111,13,55,0.26506024,5.422205568399182,0.48606811,0.203174603,1.281818181,2,"sa829450"
2019,"Dom Thompson-Williams","SEA","AA",24,115,432,479,0.233796296,101,12,46,0.230263157,6.192051211543255,0.37676056,0.223826714,1.028301886,6,"sa829483"
2017,"Luke Tendler","TEX","AA",25,113,420,464,0.245238095,103,13,51,0.394230769,2.7916586982335527,0.50314465,0.214285714,1.261682242,2,"sa829644"
2016,"Nick Schulz","SDP","AA",25,106,393,446,0.282442748,111,10,41,0.425742574,2.7437392903144477,0.41638225,0.192170818,1.31632653,9,"sa829877"
2019,"Andretty Cordero","TEX","AA",22,127,500,534,0.27,135,16,60,0.285714285,2.3266258266157984,0.41439206,0.19047619,1.465648854,4,"sa830037"
2017,"Jordan Tarsovich","OAK","AA",26,105,341,399,0.240469208,82,3,56,0.607594936,6.244017666618361,0.47037037,0.174242424,1.369565217,3,"sa857752"
2018,"Errol Robinson","LAD","AA",23,117,433,475,0.247113163,107,10,53,0.35576923,4.712379202732819,0.41993958,0.214285714,1.663157894,3,"sa857819"
2018,"Anderson Miller","KCR","AA",24,120,432,470,0.254629629,110,13,50,0.397590361,4.769174732200715,0.44759207,0.188405797,1.5,1,"sa857824"
2019,"Logan Taylor","SEA","AA",25,107,387,423,0.211886304,82,7,36,0.196969696,3.5002714228478604,0.48461538,0.262745098,1.41025641,5,"sa857838"
2017,"Donnie Dewees","KCR","AA",23,126,464,524,0.271551724,126,9,67,0.567901234,6.553029376301012,0.45641026,0.186351706,1.167832167,5,"sa858802"
2015,"Yadir Drake","LAD","AA",25,106,361,399,0.26869806,97,3,36,0.682926829,2.051583631545699,0.40490798,0.235109717,1.489795918,4,"sa869674"
2018,"Tyler Ramirez","OAK","AA",23,134,512,594,0.287109375,147,10,73,0.418918918,4.202251237449818,0.40957447,0.25,1.379310344,10,"sa873260"
2018,"Ryne Birk","HOU","AA",23,116,412,470,0.216019417,89,1,44,0.471910112,6.213284111727365,0.43373494,0.226993865,0.68,7,"sa874211"
2019,"Gabriel Cancel","KCR","AA",22,123,464,513,0.245689655,114,18,70,0.236111111,5.168507921390066,0.49382716,0.261682242,0.975,10,"sa875231"
2018,"Peter Van Gansen","SDP","AA",24,103,336,382,0.25297619,85,4,42,0.76,2.736996976562351,0.42033898,0.223776223,1.3125,0,"sa875579"
2019,"Brad Zunica","SDP","AA",23,114,383,431,0.229765013,88,16,45,0.365217391,2.628109905377835,0.40148699,0.227272727,0.906542056,5,"sa875647"
2019,"Hudson Potts","SDP","AA",20,107,409,448,0.227383863,93,16,56,0.25,3.782924988033591,0.55319149,0.246428571,1.175257731,5,"sa917936"